-- MySQL dump 10.13  Distrib 8.0.26, for Linux (x86_64)
--
-- Host: localhost    Database: sportal_db
-- ------------------------------------------------------
-- Server version	8.0.26-0ubuntu0.20.04.3

/*!40101 SET @OLD_CHARACTER_SET_CLIENT=@@CHARACTER_SET_CLIENT */;
/*!40101 SET @OLD_CHARACTER_SET_RESULTS=@@CHARACTER_SET_RESULTS */;
/*!40101 SET @OLD_COLLATION_CONNECTION=@@COLLATION_CONNECTION */;
/*!50503 SET NAMES utf8mb4 */;
/*!40103 SET @OLD_TIME_ZONE=@@TIME_ZONE */;
/*!40103 SET TIME_ZONE='+00:00' */;
/*!40014 SET @OLD_UNIQUE_CHECKS=@@UNIQUE_CHECKS, UNIQUE_CHECKS=0 */;
/*!40014 SET @OLD_FOREIGN_KEY_CHECKS=@@FOREIGN_KEY_CHECKS, FOREIGN_KEY_CHECKS=0 */;
/*!40101 SET @OLD_SQL_MODE=@@SQL_MODE, SQL_MODE='NO_AUTO_VALUE_ON_ZERO' */;
/*!40111 SET @OLD_SQL_NOTES=@@SQL_NOTES, SQL_NOTES=0 */;

--
-- Table structure for table `ages`
--

DROP TABLE IF EXISTS `ages`;
/*!40101 SET @saved_cs_client     = @@character_set_client */;
/*!50503 SET character_set_client = utf8mb4 */;
CREATE TABLE `ages` (
  `id` int unsigned NOT NULL AUTO_INCREMENT,
  `desc` varchar(255) NOT NULL,
  `created_at` timestamp NOT NULL DEFAULT '2021-10-21 16:41:58',
  `updated_at` timestamp NOT NULL DEFAULT '2021-10-21 16:41:58',
  PRIMARY KEY (`id`),
  UNIQUE KEY `id_UNIQUE` (`id`)
) ENGINE=InnoDB AUTO_INCREMENT=3 DEFAULT CHARSET=utf8mb4 COLLATE=utf8mb4_0900_ai_ci;
/*!40101 SET character_set_client = @saved_cs_client */;

--
-- Dumping data for table `ages`
--

LOCK TABLES `ages` WRITE;
/*!40000 ALTER TABLE `ages` DISABLE KEYS */;
INSERT INTO `ages` VALUES (1,'Adulto','2021-10-21 19:00:00','2021-10-21 19:00:00'),(2,'Niño','2021-10-21 19:00:00','2021-10-21 19:00:00');
/*!40000 ALTER TABLE `ages` ENABLE KEYS */;
UNLOCK TABLES;

--
-- Table structure for table `brands`
--

DROP TABLE IF EXISTS `brands`;
/*!40101 SET @saved_cs_client     = @@character_set_client */;
/*!50503 SET character_set_client = utf8mb4 */;
CREATE TABLE `brands` (
  `id` int unsigned NOT NULL AUTO_INCREMENT,
  `desc` varchar(255) NOT NULL,
  `icon` varchar(255) NOT NULL,
  `created_at` timestamp NOT NULL DEFAULT '2021-10-21 16:41:58',
  `updated_at` timestamp NOT NULL DEFAULT '2021-10-21 16:41:58',
  PRIMARY KEY (`id`),
  UNIQUE KEY `id_UNIQUE` (`id`)
) ENGINE=InnoDB AUTO_INCREMENT=7 DEFAULT CHARSET=utf8mb4 COLLATE=utf8mb4_0900_ai_ci;
/*!40101 SET character_set_client = @saved_cs_client */;

--
-- Dumping data for table `brands`
--

LOCK TABLES `brands` WRITE;
/*!40000 ALTER TABLE `brands` DISABLE KEYS */;
INSERT INTO `brands` VALUES (1,'Under Armour\n','under_armour.png','2021-10-21 19:00:00','2021-10-21 19:00:00'),(2,'Fila','fila.png','2021-10-21 19:00:00','2021-10-21 19:00:00'),(3,'Lotto','lotto.png','2021-10-21 19:00:00','2021-10-21 19:00:00'),(4,'Adidas','adidas.png','2021-10-21 19:00:00','2021-10-21 19:00:00'),(5,'Gilbert','gilbert.png','2021-10-21 19:00:00','2021-10-21 19:00:00'),(6,'Puma','puma.png','2021-10-21 19:00:00','2021-10-21 19:00:00');
/*!40000 ALTER TABLE `brands` ENABLE KEYS */;
UNLOCK TABLES;

--
-- Table structure for table `colors`
--

DROP TABLE IF EXISTS `colors`;
/*!40101 SET @saved_cs_client     = @@character_set_client */;
/*!50503 SET character_set_client = utf8mb4 */;
CREATE TABLE `colors` (
  `id` int unsigned NOT NULL AUTO_INCREMENT,
  `desc` varchar(255) NOT NULL,
  `created_at` timestamp NOT NULL DEFAULT '2021-10-21 16:41:58',
  `updated_at` timestamp NOT NULL DEFAULT '2021-10-21 16:41:58',
  PRIMARY KEY (`id`),
  UNIQUE KEY `id_UNIQUE` (`id`)
) ENGINE=InnoDB AUTO_INCREMENT=13 DEFAULT CHARSET=utf8mb4 COLLATE=utf8mb4_0900_ai_ci;
/*!40101 SET character_set_client = @saved_cs_client */;

--
-- Dumping data for table `colors`
--

LOCK TABLES `colors` WRITE;
/*!40000 ALTER TABLE `colors` DISABLE KEYS */;
INSERT INTO `colors` VALUES (1,'Blanco','2021-10-21 19:00:00','2021-10-21 19:00:00'),(2,'Negro','2021-10-21 19:00:00','2021-10-21 19:00:00'),(3,'Rojo','2021-10-21 19:00:00','2021-10-21 19:00:00'),(4,'Naranja','2021-10-21 19:00:00','2021-10-21 19:00:00'),(5,'Amarillo','2021-10-21 19:00:00','2021-10-21 19:00:00'),(6,'Verde','2021-10-21 19:00:00','2021-10-21 19:00:00'),(7,'Azul','2021-10-21 19:00:00','2021-10-21 19:00:00'),(8,'Violeta','2021-10-21 19:00:00','2021-10-21 19:00:00'),(9,'Fucsia','2021-10-21 19:00:00','2021-10-21 19:00:00'),(10,'Celeste','2021-10-21 19:00:00','2021-10-21 19:00:00'),(11,'Gris claro','2021-10-21 19:00:00','2021-10-21 19:00:00'),(12,'Gris oscuro','2021-10-21 19:00:00','2021-10-21 19:00:00');
/*!40000 ALTER TABLE `colors` ENABLE KEYS */;
UNLOCK TABLES;

--
-- Table structure for table `families`
--

DROP TABLE IF EXISTS `families`;
/*!40101 SET @saved_cs_client     = @@character_set_client */;
/*!50503 SET character_set_client = utf8mb4 */;
CREATE TABLE `families` (
  `id` int unsigned NOT NULL AUTO_INCREMENT,
  `desc` varchar(255) NOT NULL,
  `created_at` timestamp NOT NULL DEFAULT '2021-10-21 16:41:58',
  `updated_at` timestamp NOT NULL DEFAULT '2021-10-21 16:41:58',
  PRIMARY KEY (`id`),
  UNIQUE KEY `id_UNIQUE` (`id`)
) ENGINE=InnoDB AUTO_INCREMENT=36 DEFAULT CHARSET=utf8mb4 COLLATE=utf8mb4_0900_ai_ci;
/*!40101 SET character_set_client = @saved_cs_client */;

--
-- Dumping data for table `families`
--

LOCK TABLES `families` WRITE;
/*!40000 ALTER TABLE `families` DISABLE KEYS */;
INSERT INTO `families` VALUES (1,'Antiparras','2021-10-21 19:00:00','2021-10-21 19:00:00'),(2,'Bermuda','2021-10-21 19:00:00','2021-10-21 19:00:00'),(3,'Bolso','2021-10-21 19:00:00','2021-10-21 19:00:00'),(4,'Botines','2021-10-21 19:00:00','2021-10-21 19:00:00'),(5,'Boxer','2021-10-21 19:00:00','2021-10-21 19:00:00'),(6,'Buzo','2021-10-21 19:00:00','2021-10-21 19:00:00'),(7,'Calza','2021-10-21 19:00:00','2021-10-21 19:00:00'),(8,'Camiseta','2021-10-21 19:00:00','2021-10-21 19:00:00'),(9,'Campera','2021-10-21 19:00:00','2021-10-21 19:00:00'),(10,'Casco','2021-10-21 19:00:00','2021-10-21 19:00:00'),(11,'Cinta','2021-10-21 19:00:00','2021-10-21 19:00:00'),(12,'Conjunto','2021-10-21 19:00:00','2021-10-21 19:00:00'),(13,'Gorra','2021-10-21 19:00:00','2021-10-21 19:00:00'),(14,'Guantes','2021-10-21 19:00:00','2021-10-21 19:00:00'),(15,'Hombreras','2021-10-21 19:00:00','2021-10-21 19:00:00'),(16,'Inflador','2021-10-21 19:00:00','2021-10-21 19:00:00'),(17,'Leggins','2021-10-21 19:00:00','2021-10-21 19:00:00'),(18,'Llavero','2021-10-21 19:00:00','2021-10-21 19:00:00'),(19,'Medias','2021-10-21 19:00:00','2021-10-21 19:00:00'),(20,'Mochila','2021-10-21 19:00:00','2021-10-21 19:00:00'),(21,'Musculosa','2021-10-21 19:00:00','2021-10-21 19:00:00'),(22,'Ojotas','2021-10-21 19:00:00','2021-10-21 19:00:00'),(23,'Pack','2021-10-21 19:00:00','2021-10-21 19:00:00'),(24,'Pantalón','2021-10-21 19:00:00','2021-10-21 19:00:00'),(25,'Pelota','2021-10-21 19:00:00','2021-10-21 19:00:00'),(26,'Pollera','2021-10-21 19:00:00','2021-10-21 19:00:00'),(27,'Protector','2021-10-21 19:00:00','2021-10-21 19:00:00'),(28,'Remera','2021-10-21 19:00:00','2021-10-21 19:00:00'),(29,'Riñonera','2021-10-21 19:00:00','2021-10-21 19:00:00'),(30,'Short','2021-10-21 19:00:00','2021-10-21 19:00:00'),(31,'Silbato','2021-10-21 19:00:00','2021-10-21 19:00:00'),(32,'Tee','2021-10-21 19:00:00','2021-10-21 19:00:00'),(33,'Top','2021-10-21 19:00:00','2021-10-21 19:00:00'),(34,'Traje de baño','2021-10-21 19:00:00','2021-10-21 19:00:00'),(35,'Zapatillas','2021-10-21 19:00:00','2021-10-21 19:00:00');
/*!40000 ALTER TABLE `families` ENABLE KEYS */;
UNLOCK TABLES;

--
-- Table structure for table `headings`
--

DROP TABLE IF EXISTS `headings`;
/*!40101 SET @saved_cs_client     = @@character_set_client */;
/*!50503 SET character_set_client = utf8mb4 */;
CREATE TABLE `headings` (
  `id` int unsigned NOT NULL AUTO_INCREMENT,
  `desc` varchar(255) NOT NULL,
  `created_at` timestamp NOT NULL DEFAULT '2021-10-21 16:41:58',
  `updated_at` timestamp NOT NULL DEFAULT '2021-10-21 16:41:58',
  PRIMARY KEY (`id`),
  UNIQUE KEY `id_UNIQUE` (`id`)
) ENGINE=InnoDB AUTO_INCREMENT=9 DEFAULT CHARSET=utf8mb4 COLLATE=utf8mb4_0900_ai_ci;
/*!40101 SET character_set_client = @saved_cs_client */;

--
-- Dumping data for table `headings`
--

LOCK TABLES `headings` WRITE;
/*!40000 ALTER TABLE `headings` DISABLE KEYS */;
INSERT INTO `headings` VALUES (1,'Básicos','2021-10-21 19:00:00','2021-10-21 19:00:00'),(2,'Calzado','2021-10-21 19:00:00','2021-10-21 19:00:00'),(3,'Equipo','2021-10-21 19:00:00','2021-10-21 19:00:00'),(4,'Carga','2021-10-21 19:00:00','2021-10-21 19:00:00'),(5,'Portátiles','2021-10-21 19:00:00','2021-10-21 19:00:00'),(6,'Tech','2021-10-21 19:00:00','2021-10-21 19:00:00'),(7,'Electro','2021-10-21 19:00:00','2021-10-21 19:00:00'),(8,'Agua','2021-10-21 19:00:00','2021-10-21 19:00:00');
/*!40000 ALTER TABLE `headings` ENABLE KEYS */;
UNLOCK TABLES;

--
-- Table structure for table `products`
--

DROP TABLE IF EXISTS `products`;
/*!40101 SET @saved_cs_client     = @@character_set_client */;
/*!50503 SET character_set_client = utf8mb4 */;
CREATE TABLE `products` (
  `id` int unsigned NOT NULL AUTO_INCREMENT,
  `code` varchar(100) NOT NULL,
  `brand_id` int unsigned NOT NULL,
  `heading_id` int unsigned NOT NULL,
  `model` varchar(100) NOT NULL,
  `family_id` int unsigned NOT NULL,
  `desc` varchar(255) NOT NULL,
  `price` decimal(9,2) NOT NULL DEFAULT '0.00',
  `age_id` int unsigned NOT NULL,
  `sex_id` int unsigned NOT NULL,
  `color_id` int unsigned NOT NULL,
  `image` varchar(255) NOT NULL,
  `left_image` varchar(255) NOT NULL,
  `right_image` varchar(255) NOT NULL,
  `upper_image` varchar(255) NOT NULL,
  `lower_image` varchar(255) NOT NULL,
  `inactive` int unsigned NOT NULL DEFAULT '0',
  `created_at` timestamp NOT NULL DEFAULT '2021-10-21 16:41:58',
  `updated_at` timestamp NOT NULL DEFAULT '2021-10-21 16:41:58',
  PRIMARY KEY (`id`),
  UNIQUE KEY `id_UNIQUE` (`id`),
  KEY `products_FK` (`age_id`),
  KEY `products_FK_1` (`brand_id`),
  KEY `products_FK_2` (`color_id`),
  KEY `products_FK_3` (`family_id`),
  KEY `products_FK_4` (`heading_id`),
  KEY `products_FK_5` (`sex_id`),
  CONSTRAINT `products_FK` FOREIGN KEY (`age_id`) REFERENCES `ages` (`id`),
  CONSTRAINT `products_FK_1` FOREIGN KEY (`brand_id`) REFERENCES `brands` (`id`),
  CONSTRAINT `products_FK_2` FOREIGN KEY (`color_id`) REFERENCES `colors` (`id`),
  CONSTRAINT `products_FK_3` FOREIGN KEY (`family_id`) REFERENCES `families` (`id`),
  CONSTRAINT `products_FK_4` FOREIGN KEY (`heading_id`) REFERENCES `headings` (`id`),
  CONSTRAINT `products_FK_5` FOREIGN KEY (`sex_id`) REFERENCES `sex` (`id`)
) ENGINE=InnoDB AUTO_INCREMENT=824411943 DEFAULT CHARSET=utf8mb4 COLLATE=utf8mb4_0900_ai_ci;
/*!40101 SET character_set_client = @saved_cs_client */;

--
-- Dumping data for table `products`
--

LOCK TABLES `products` WRITE;
/*!40000 ALTER TABLE `products` DISABLE KEYS */;
INSERT INTO `products` VALUES (70007035,'LO_ISS201014',3,4,'Smart',30,'Ut maximus nisl turpis, non viverra sem tincidunt vel. Cras.',2499.00,1,2,8,'LO_ISS201014-1.JPG','LO_ISS201014-1.JPG','LO_ISS201014-1.JPG','LO_ISS201014-1.JPG','LO_ISS201014-1.JPG',0,'2021-10-21 19:00:00','2021-10-21 19:00:00'),(70137082,'FI_11U335X-4624',2,4,'Euro Jogger Sport',35,'Mauris magna diam, faucibus ut euismod vitae, molestie sit amet.',8490.00,1,1,12,'FI_11U335X-4624-1.JPG','FI_11U335X-4624-1.JPG','FI_11U335X-4624-1.JPG','FI_11U335X-4624-1.JPG','FI_11U335X-4624-1.JPG',0,'2021-10-21 19:00:00','2021-10-21 19:00:00'),(70137086,'FI_F02L004153-4729',2,4,'Float Jogger',35,'Ut maximus nisl turpis, non viverra sem tincidunt vel. Cras.',10490.00,1,1,6,'FI_F02L004153-4729-1.JPG','FI_F02L004153-4729-1.JPG','FI_F02L004153-4729-1.JPG','FI_F02L004153-4729-1.JPG','FI_F02L004153-4729-1.JPG',0,'2021-10-21 19:00:00','2021-10-21 19:00:00'),(70137088,'AD_CY8362',4,8,'adidas Supernova',30,'Class aptent taciti sociosqu ad litora torquent per conubia nostra.',3999.00,1,2,11,'AD_CY8362-1.JPG','AD_CY8362-1.JPG','AD_CY8362-1.JPG','AD_CY8362-1.JPG','AD_CY8362-1.JPG',0,'2021-10-21 19:00:00','2021-10-21 19:00:00'),(70167098,'FI_F23AT011-1841',2,4,'Elasic x3',23,'Mauris magna diam, faucibus ut euismod vitae, molestie sit amet.',1190.00,1,2,6,'FI_F23AT011-1841-1.JPG','FI_F23AT011-1841-1.JPG','FI_F23AT011-1841-1.JPG','FI_F23AT011-1841-1.JPG','FI_F23AT011-1841-1.JPG',0,'2021-10-21 19:00:00','2021-10-21 19:00:00'),(70207115,'LO_ISS201013',3,1,'Smart',30,'Ut maximus nisl turpis, non viverra sem tincidunt vel. Cras.',2499.00,1,2,2,'LO_ISS201013-1.JPG','LO_ISS201013-1.JPG','LO_ISS201013-1.JPG','LO_ISS201013-1.JPG','LO_ISS201013-1.JPG',0,'2021-10-21 19:00:00','2021-10-21 19:00:00'),(70237119,'FI_F02ST004024-4641',2,7,'Trend 2.0',35,'Vivamus odio dolor, porta ac massa ac, tempor pellentesque ipsum.',7490.00,1,1,9,'FI_F02ST004024-4641-1.JPG','FI_F02ST004024-4641-1.JPG','FI_F02ST004024-4641-1.JPG','FI_F02ST004024-4641-1.JPG','FI_F02ST004024-4641-1.JPG',0,'2021-10-21 19:00:00','2021-10-21 19:00:00'),(70267136,'FI_31K323X-2354',2,2,'Trend Infantil',35,'Ut a est et ex condimentum aliquam. Nam at tristique.',4050.00,1,1,3,'FI_31K323X-2354-1.JPG','FI_31K323X-2354-1.JPG','FI_31K323X-2354-1.JPG','FI_31K323X-2354-1.JPG','FI_31K323X-2354-1.JPG',0,'2021-10-21 19:00:00','2021-10-21 19:00:00'),(70297140,'FI_51J634X-3117',2,3,'Trend',35,'Etiam euismod lectus eu volutpat dictum. Phasellus vitae lorem hendrerit.',6189.00,1,1,3,'FI_51J634X-3117-1.JPG','FI_51J634X-3117-1.JPG','FI_51J634X-3117-1.JPG','FI_51J634X-3117-1.JPG','FI_51J634X-3117-1.JPG',0,'2021-10-21 19:00:00','2021-10-21 19:00:00'),(70297151,'FI_F11L518187-4806',2,2,'Logotype',28,'Nullam vitae turpis rutrum, vehicula nunc vitae, auctor sem. Quisque.',2790.00,1,1,1,'FI_F11L518187-4806-1.JPG','FI_F11L518187-4806-1.JPG','FI_F11L518187-4806-1.JPG','FI_F11L518187-4806-1.JPG','FI_F11L518187-4806-1.JPG',0,'2021-10-21 19:00:00','2021-10-21 19:00:00'),(70327161,'UA_1351670-001',1,6,'Woven Graphic Emboss',30,'Etiam euismod lectus eu volutpat dictum. Phasellus vitae lorem hendrerit.',5499.00,1,1,4,'UA_1351670-001-1.JPG','UA_1351670-001-1.JPG','UA_1351670-001-1.JPG','UA_1351670-001-1.JPG','UA_1351670-001-1.JPG',0,'2021-10-21 19:00:00','2021-10-21 19:00:00'),(70327162,'FI_F01L004165-715',2,3,'Classic Runner',35,'Ut maximus nisl turpis, non viverra sem tincidunt vel. Cras.',7599.00,1,2,9,'FI_F01L004165-715-1.JPG','FI_F01L004165-715-1.JPG','FI_F01L004165-715-1.JPG','FI_F01L004165-715-1.JPG','FI_F01L004165-715-1.JPG',0,'2021-10-21 19:00:00','2021-10-21 19:00:00'),(70447199,'FI_F01ST004023-1422',2,6,'Trend 2.0',35,'Mauris magna diam, faucibus ut euismod vitae, molestie sit amet.',7490.00,1,1,2,'FI_F01ST004023-1422-1.JPG','FI_F01ST004023-1422-1.JPG','FI_F01ST004023-1422-1.JPG','FI_F01ST004023-1422-1.JPG','FI_F01ST004023-1422-1.JPG',0,'2021-10-21 19:00:00','2021-10-21 19:00:00'),(70477204,'LO_ISS19331',3,1,'Easy Run',30,'Ut a est et ex condimentum aliquam. Nam at tristique.',3499.00,1,1,11,'LO_ISS19331-1.JPG','LO_ISS19331-1.JPG','LO_ISS19331-1.JPG','LO_ISS19331-1.JPG','LO_ISS19331-1.JPG',0,'2021-10-21 19:00:00','2021-10-21 19:00:00'),(70647260,'LO_ISS201011',3,1,'Smart',30,'Nullam vitae turpis rutrum, vehicula nunc vitae, auctor sem. Quisque.',2499.00,1,1,5,'LO_ISS201011-1.JPG','LO_ISS201011-1.JPG','LO_ISS201011-1.JPG','LO_ISS201011-1.JPG','LO_ISS201011-1.JPG',0,'2021-10-21 19:00:00','2021-10-21 19:00:00'),(70647262,'FI_F01ST004033-4505',2,7,'Sparky',35,'Nullam malesuada in quam non posuere. Morbi dolor nulla, cursus.',6590.00,1,2,1,'FI_F01ST004033-4505-1.JPG','FI_F01ST004033-4505-1.JPG','FI_F01ST004033-4505-1.JPG','FI_F01ST004033-4505-1.JPG','FI_F01ST004033-4505-1.JPG',0,'2021-10-21 19:00:00','2021-10-21 19:00:00'),(70677279,'LO_ISS19328',3,3,'Easy Run',21,'Vivamus odio dolor, porta ac massa ac, tempor pellentesque ipsum.',3499.00,1,2,9,'LO_ISS19328-1.JPG','LO_ISS19328-1.JPG','LO_ISS19328-1.JPG','LO_ISS19328-1.JPG','LO_ISS19328-1.JPG',0,'2021-10-21 19:00:00','2021-10-21 19:00:00'),(70707293,'FI_F01R004110-4644',2,1,'Racer Flexion',35,'Nullam vitae turpis rutrum, vehicula nunc vitae, auctor sem. Quisque.',6990.00,1,1,9,'FI_F01R004110-4644-1.JPG','FI_F01R004110-4644-1.JPG','FI_F01R004110-4644-1.JPG','FI_F01R004110-4644-1.JPG','FI_F01R004110-4644-1.JPG',0,'2021-10-21 19:00:00','2021-10-21 19:00:00'),(70737300,'FI_11O210X-757',2,5,'Tracker',35,'Suspendisse orci nisi, maximus eu semper eget, tempor eu nunc.',9990.00,1,2,6,'FI_11O210X-757-1.JPG','FI_11O210X-757-1.JPG','FI_11O210X-757-1.JPG','FI_11O210X-757-1.JPG','FI_11O210X-757-1.JPG',0,'2021-10-21 19:00:00','2021-10-21 19:00:00'),(70777308,'FI_F11L506013-7297',2,7,'Letter Colors',6,'Suspendisse orci nisi, maximus eu semper eget, tempor eu nunc.',7850.00,1,1,5,'FI_F11L506013-7297-1.JPG','FI_F11L506013-7297-1.JPG','FI_F11L506013-7297-1.JPG','FI_F11L506013-7297-1.JPG','FI_F11L506013-7297-1.JPG',0,'2021-10-21 19:00:00','2021-10-21 19:00:00'),(70777310,'FI_F01R004108-1645',2,2,'Atmosphere',35,'Mauris magna diam, faucibus ut euismod vitae, molestie sit amet.',7990.00,1,1,6,'FI_F01R004108-1645-1.JPG','FI_F01R004108-1645-1.JPG','FI_F01R004108-1645-1.JPG','FI_F01R004108-1645-1.JPG','FI_F01R004108-1645-1.JPG',0,'2021-10-21 19:00:00','2021-10-21 19:00:00'),(70947370,'FI_F01R004104-979',2,3,'Kr5',35,'Ut maximus nisl turpis, non viverra sem tincidunt vel. Cras.',11990.00,1,1,4,'FI_F01R004104-979-1.JPG','FI_F01R004104-979-1.JPG','FI_F01R004104-979-1.JPG','FI_F01R004104-979-1.JPG','FI_F01R004104-979-1.JPG',0,'2021-10-21 19:00:00','2021-10-21 19:00:00'),(70947372,'FI_31U308X-3165',2,2,'Euro Jogger',35,'Class aptent taciti sociosqu ad litora torquent per conubia nostra.',5290.00,2,1,5,'FI_31U308X-3165-1.JPG','FI_31U308X-3165-1.JPG','FI_31U308X-3165-1.JPG','FI_31U308X-3165-1.JPG','FI_31U308X-3165-1.JPG',0,'2021-10-21 19:00:00','2021-10-21 19:00:00'),(70947378,'UA_1351285-003',1,8,'Baseline 10In',30,'Suspendisse orci nisi, maximus eu semper eget, tempor eu nunc.',4299.00,1,1,2,'UA_1351285-003-1.JPG','UA_1351285-003-1.JPG','UA_1351285-003-1.JPG','UA_1351285-003-1.JPG','UA_1351285-003-1.JPG',0,'2021-10-21 19:00:00','2021-10-21 19:00:00'),(70977388,'AD_DU1577',4,2,'adidas 4KSPRZ',30,'Maecenas eget dui non nisi congue vulputate in vitae risus.',5199.00,1,2,7,'AD_DU1577-1.JPG','AD_DU1577-1.JPG','AD_DU1577-1.JPG','AD_DU1577-1.JPG','AD_DU1577-1.JPG',0,'2021-10-21 19:00:00','2021-10-21 19:00:00'),(71017398,'AD_DX5936',4,6,'adidas River Plate Arquero',8,'Ut a est et ex condimentum aliquam. Nam at tristique.',4399.00,1,1,2,'AD_DX5936-6.JPG','AD_DX5936-6.JPG','AD_DX5936-6.JPG','AD_DX5936-6.JPG','AD_DX5936-6.JPG',0,'2021-10-21 19:00:00','2021-10-21 19:00:00'),(71057415,'FI_51J694X-4123',2,5,'Discovery',35,'Suspendisse orci nisi, maximus eu semper eget, tempor eu nunc.',6490.00,1,1,10,'FI_51J694X-4123-1.JPG','FI_51J694X-4123-1.JPG','FI_51J694X-4123-1.JPG','FI_51J694X-4123-1.JPG','FI_51J694X-4123-1.JPG',0,'2021-10-21 19:00:00','2021-10-21 19:00:00'),(71127429,'FI_11U335X-625',2,2,'Euro Jogger Sport',35,'Ut maximus nisl turpis, non viverra sem tincidunt vel. Cras.',8490.00,1,2,5,'FI_11U335X-625-1.JPG','FI_11U335X-625-1.JPG','FI_11U335X-625-1.JPG','FI_11U335X-625-1.JPG','FI_11U335X-625-1.JPG',0,'2021-10-21 19:00:00','2021-10-21 19:00:00'),(71127435,'FI_11U335X-973',2,5,'Euro Jogger Sport',35,'Nullam malesuada in quam non posuere. Morbi dolor nulla, cursus.',8490.00,1,2,10,'FI_11U335X-973-1.JPG','FI_11U335X-973-1.JPG','FI_11U335X-973-1.JPG','FI_11U335X-973-1.JPG','FI_11U335X-973-1.JPG',0,'2021-10-21 19:00:00','2021-10-21 19:00:00'),(71167442,'FI_F01L004163-972',2,8,'V.Track 2.0',35,'Suspendisse orci nisi, maximus eu semper eget, tempor eu nunc.',7990.00,1,1,2,'FI_F01L004163-972-1.JPG','FI_F01L004163-972-1.JPG','FI_F01L004163-972-1.JPG','FI_F01L004163-972-1.JPG','FI_F01L004163-972-1.JPG',0,'2021-10-21 19:00:00','2021-10-21 19:00:00'),(71197463,'LO_ISS19326',3,8,'Easy Run',21,'Mauris magna diam, faucibus ut euismod vitae, molestie sit amet.',3499.00,1,1,9,'LO_ISS19326-1.JPG','LO_ISS19326-1.JPG','LO_ISS19326-1.JPG','LO_ISS19326-1.JPG','LO_ISS19326-1.JPG',0,'2021-10-21 19:00:00','2021-10-21 19:00:00'),(71227469,'LO_ISS201003',3,2,'Scuba Print',30,'Ut a est et ex condimentum aliquam. Nam at tristique.',2499.00,1,2,4,'LO_ISS201003-1.JPG','LO_ISS201003-1.JPG','LO_ISS201003-1.JPG','LO_ISS201003-1.JPG','LO_ISS201003-1.JPG',0,'2021-10-21 19:00:00','2021-10-21 19:00:00'),(71227470,'FI_F02R004105-4697',2,1,'Kr5',35,'Ut maximus nisl turpis, non viverra sem tincidunt vel. Cras.',11990.00,1,2,12,'FI_F02R004105-4697-1.JPG','FI_F02R004105-4697-1.JPG','FI_F02R004105-4697-1.JPG','FI_F02R004105-4697-1.JPG','FI_F02R004105-4697-1.JPG',0,'2021-10-21 19:00:00','2021-10-21 19:00:00'),(71287497,'LO_ISS19348',3,1,'Easy Run',9,'Suspendisse orci nisi, maximus eu semper eget, tempor eu nunc.',6799.00,1,2,1,'LO_ISS19348-1.JPG','LO_ISS19348-1.JPG','LO_ISS19348-1.JPG','LO_ISS19348-1.JPG','LO_ISS19348-1.JPG',0,'2021-10-21 19:00:00','2021-10-21 19:00:00'),(71427547,'LO_ISS19327',3,4,'Easy Run',21,'Vivamus odio dolor, porta ac massa ac, tempor pellentesque ipsum.',3499.00,1,2,4,'LO_ISS19327-1.JPG','LO_ISS19327-1.JPG','LO_ISS19327-1.JPG','LO_ISS19327-1.JPG','LO_ISS19327-1.JPG',0,'2021-10-21 19:00:00','2021-10-21 19:00:00'),(71457550,'FI_51A017X-970',2,1,'Drifter Basic',22,'Etiam euismod lectus eu volutpat dictum. Phasellus vitae lorem hendrerit.',4490.00,2,2,4,'FI_51A017X-970-1.JPG','FI_51A017X-970-1.JPG','FI_51A017X-970-1.JPG','FI_51A017X-970-1.JPG','FI_51A017X-970-1.JPG',0,'2021-10-21 19:00:00','2021-10-21 19:00:00'),(71457557,'FI_F12L518198-4806',2,4,'Basic Letter',28,'Vivamus odio dolor, porta ac massa ac, tempor pellentesque ipsum.',2690.00,1,2,9,'FI_F12L518198-4806-1.JPG','FI_F12L518198-4806-1.JPG','FI_F12L518198-4806-1.JPG','FI_F12L518198-4806-1.JPG','FI_F12L518198-4806-1.JPG',0,'2021-10-21 19:00:00','2021-10-21 19:00:00'),(71487570,'LO_ISS201004',3,7,'Scuba',30,'Nullam malesuada in quam non posuere. Morbi dolor nulla, cursus.',2499.00,1,1,11,'LO_ISS201004-1.JPG','LO_ISS201004-1.JPG','LO_ISS201004-1.JPG','LO_ISS201004-1.JPG','LO_ISS201004-1.JPG',0,'2021-10-21 19:00:00','2021-10-21 19:00:00'),(71557593,'FI_51J733X-4410',2,6,'Float Fit',35,'Nullam vitae turpis rutrum, vehicula nunc vitae, auctor sem. Quisque.',9990.00,1,1,9,'FI_51J733X-4410-1.JPG','FI_51J733X-4410-1.JPG','FI_51J733X-4410-1.JPG','FI_51J733X-4410-1.JPG','FI_51J733X-4410-1.JPG',0,'2021-10-21 19:00:00','2021-10-21 19:00:00'),(71627610,'FI_F12R504009-160',2,4,'Run Go To Mars',28,'Nullam vitae turpis rutrum, vehicula nunc vitae, auctor sem. Quisque.',3690.00,1,2,4,'FI_F12R504009-160-1.JPG','FI_F12R504009-160-1.JPG','FI_F12R504009-160-1.JPG','FI_F12R504009-160-1.JPG','FI_F12R504009-160-1.JPG',0,'2021-10-21 19:00:00','2021-10-21 19:00:00'),(71657623,'FI_51O214X-058',2,4,'Zermat',35,'Ut maximus nisl turpis, non viverra sem tincidunt vel. Cras.',7699.00,1,1,6,'FI_51O214X-058-1.JPG','FI_51O214X-058-1.JPG','FI_51O214X-058-1.JPG','FI_51O214X-058-1.JPG','FI_51O214X-058-1.JPG',0,'2021-10-21 19:00:00','2021-10-21 19:00:00'),(71687640,'UA_1351576-424',1,3,'Sportstyle',6,'Vivamus odio dolor, porta ac massa ac, tempor pellentesque ipsum.',6999.00,1,1,9,'UA_1351576-424-1.JPG','UA_1351576-424-1.JPG','UA_1351576-424-1.JPG','UA_1351576-424-1.JPG','UA_1351576-424-1.JPG',0,'2021-10-21 19:00:00','2021-10-21 19:00:00'),(71807680,'FI_31K326X-972',2,6,'Lugano 6.0 Kids',35,'Class aptent taciti sociosqu ad litora torquent per conubia nostra.',4990.00,1,1,8,'FI_31K326X-972-1.JPG','FI_31K326X-972-1.JPG','FI_31K326X-972-1.JPG','FI_31K326X-972-1.JPG','FI_31K326X-972-1.JPG',0,'2021-10-21 19:00:00','2021-10-21 19:00:00'),(71807687,'FI_11O210X-2423',2,4,'Tracker',35,'Suspendisse orci nisi, maximus eu semper eget, tempor eu nunc.',9990.00,1,1,2,'FI_11O210X-2423-1.JPG','FI_11O210X-2423-1.JPG','FI_11O210X-2423-1.JPG','FI_11O210X-2423-1.JPG','FI_11O210X-2423-1.JPG',0,'2021-10-21 19:00:00','2021-10-21 19:00:00'),(71897723,'FI_F23R010-4806',2,7,'Bio Running x3',23,'Nullam malesuada in quam non posuere. Morbi dolor nulla, cursus.',1490.00,1,1,9,'FI_F23R010-4806-1.JPG','FI_F23R010-4806-1.JPG','FI_F23R010-4806-1.JPG','FI_F23R010-4806-1.JPG','FI_F23R010-4806-1.JPG',0,'2021-10-21 19:00:00','2021-10-21 19:00:00'),(71897725,'AD_DQ1712',4,4,'adidas Swim Set',1,'Mauris magna diam, faucibus ut euismod vitae, molestie sit amet.',2999.00,1,2,8,'AD_DQ1712-1.JPG','AD_DQ1712-1.JPG','AD_DQ1712-1.JPG','AD_DQ1712-1.JPG','AD_DQ1712-1.JPG',0,'2021-10-21 19:00:00','2021-10-21 19:00:00'),(71967745,'LO_ISS19337',3,7,'Easy Run',7,'Ut maximus nisl turpis, non viverra sem tincidunt vel. Cras.',5299.00,1,2,8,'LO_ISS19337-1.JPG','LO_ISS19337-1.JPG','LO_ISS19337-1.JPG','LO_ISS19337-1.JPG','LO_ISS19337-1.JPG',0,'2021-10-21 19:00:00','2021-10-21 19:00:00'),(71967748,'FI_F02R004105-4516',2,7,'Kr5',35,'Vivamus odio dolor, porta ac massa ac, tempor pellentesque ipsum.',11990.00,1,2,7,'FI_F02R004105-4516-1.JPG','FI_F02R004105-4516-1.JPG','FI_F02R004105-4516-1.JPG','FI_F02R004105-4516-1.JPG','FI_F02R004105-4516-1.JPG',0,'2021-10-21 19:00:00','2021-10-21 19:00:00'),(71997760,'LO_ISS201002',3,3,'Scuba',30,'Nullam malesuada in quam non posuere. Morbi dolor nulla, cursus.',2599.00,1,2,3,'LO_ISS201002-1.JPG','LO_ISS201002-1.JPG','LO_ISS201002-1.JPG','LO_ISS201002-1.JPG','LO_ISS201002-1.JPG',0,'2021-10-21 19:00:00','2021-10-21 19:00:00'),(72037768,'FI_F01R004110-845',2,1,'Racer Flexion',35,'Vivamus odio dolor, porta ac massa ac, tempor pellentesque ipsum.',6999.00,1,2,8,'FI_F01R004110-845-1.JPG','FI_F01R004110-845-1.JPG','FI_F01R004110-845-1.JPG','FI_F01R004110-845-1.JPG','FI_F01R004110-845-1.JPG',0,'2021-10-21 19:00:00','2021-10-21 19:00:00'),(72087791,'FI_F02L004153-4671',2,2,'Float Jogger',35,'Etiam euismod lectus eu volutpat dictum. Phasellus vitae lorem hendrerit.',10490.00,1,2,8,'FI_F02L004153-4671-1.JPG','FI_F02L004153-4671-1.JPG','FI_F02L004153-4671-1.JPG','FI_F02L004153-4671-1.JPG','FI_F02L004153-4671-1.JPG',0,'2021-10-21 19:00:00','2021-10-21 19:00:00'),(72087792,'LO_ISS19321',3,2,'Easy Run',33,'Maecenas eget dui non nisi congue vulputate in vitae risus.',3799.00,1,1,6,'LO_ISS19321-1.JPG','LO_ISS19321-1.JPG','LO_ISS19321-1.JPG','LO_ISS19321-1.JPG','LO_ISS19321-1.JPG',0,'2021-10-21 19:00:00','2021-10-21 19:00:00'),(72117805,'UA_1350198-591',1,5,'Fly By 2.0 Printed',30,'Suspendisse orci nisi, maximus eu semper eget, tempor eu nunc.',4999.00,1,1,3,'UA_1350198-591-1.JPG','UA_1350198-591-1.JPG','UA_1350198-591-1.JPG','UA_1350198-591-1.JPG','UA_1350198-591-1.JPG',0,'2021-10-21 19:00:00','2021-10-21 19:00:00'),(72117806,'FI_F01L004152-4685',2,1,'Float Jogger',35,'Maecenas eget dui non nisi congue vulputate in vitae risus.',10490.00,1,2,2,'FI_F01L004152-4685-1.JPG','FI_F01L004152-4685-1.JPG','FI_F01L004152-4685-1.JPG','FI_F01L004152-4685-1.JPG','FI_F01L004152-4685-1.JPG',0,'2021-10-21 19:00:00','2021-10-21 19:00:00'),(72187833,'LO_ISS201005',3,1,'Scuba',30,'Nullam vitae turpis rutrum, vehicula nunc vitae, auctor sem. Quisque.',2499.00,1,1,11,'LO_ISS201005-1.JPG','LO_ISS201005-1.JPG','LO_ISS201005-1.JPG','LO_ISS201005-1.JPG','LO_ISS201005-1.JPG',0,'2021-10-21 19:00:00','2021-10-21 19:00:00'),(72297869,'LO_ISS19323',3,6,'Easy Run',28,'Mauris magna diam, faucibus ut euismod vitae, molestie sit amet.',4199.00,1,2,11,'LO_ISS19323-1.JPG','LO_ISS19323-1.JPG','LO_ISS19323-1.JPG','LO_ISS19323-1.JPG','LO_ISS19323-1.JPG',0,'2021-10-21 19:00:00','2021-10-21 19:00:00'),(72327874,'FI_F01L004152-2859',2,6,'Float Jogger',35,'Class aptent taciti sociosqu ad litora torquent per conubia nostra.',10490.00,1,2,2,'FI_F01L004152-2859-1.JPG','FI_F01L004152-2859-1.JPG','FI_F01L004152-2859-1.JPG','FI_F01L004152-2859-1.JPG','FI_F01L004152-2859-1.JPG',0,'2021-10-21 19:00:00','2021-10-21 19:00:00'),(72327876,'FI_51U384X-4632',2,3,'Fore Jogger',35,'Nullam vitae turpis rutrum, vehicula nunc vitae, auctor sem. Quisque.',8490.00,1,2,10,'FI_51U384X-4632-1.JPG','FI_51U384X-4632-1.JPG','FI_51U384X-4632-1.JPG','FI_51U384X-4632-1.JPG','FI_51U384X-4632-1.JPG',0,'2021-10-21 19:00:00','2021-10-21 19:00:00'),(72387901,'UA_1351010-010',1,8,'Tech 2.0',24,'Maecenas eget dui non nisi congue vulputate in vitae risus.',6999.00,1,2,9,'UA_1351010-010-1.JPG','UA_1351010-010-1.JPG','UA_1351010-010-1.JPG','UA_1351010-010-1.JPG','UA_1351010-010-1.JPG',0,'2021-10-21 19:00:00','2021-10-21 19:00:00'),(72427916,'LO_KFW218009',3,8,'Trophy',35,'Nullam malesuada in quam non posuere. Morbi dolor nulla, cursus.',4899.00,1,2,10,'LO_KFW218009-1.JPG','LO_KFW218009-1.JPG','LO_KFW218009-1.JPG','LO_KFW218009-1.JPG','LO_KFW218009-1.JPG',0,'2021-10-21 19:00:00','2021-10-21 19:00:00'),(72457926,'LO_ISS19324',3,3,'Easy Run',28,'Ut a est et ex condimentum aliquam. Nam at tristique.',4199.00,1,1,12,'LO_ISS19324-1.JPG','LO_ISS19324-1.JPG','LO_ISS19324-1.JPG','LO_ISS19324-1.JPG','LO_ISS19324-1.JPG',0,'2021-10-21 19:00:00','2021-10-21 19:00:00'),(72497932,'FI_F01ST004023-1645',2,1,'Trend 2.0',35,'Ut maximus nisl turpis, non viverra sem tincidunt vel. Cras.',7490.00,2,1,5,'FI_F01ST004023-1645-1.JPG','FI_F01ST004023-1645-1.JPG','FI_F01ST004023-1645-1.JPG','FI_F01ST004023-1645-1.JPG','FI_F01ST004023-1645-1.JPG',0,'2021-10-21 19:00:00','2021-10-21 19:00:00'),(72497933,'FI_F12L518198-6577',2,6,'Basic Letter',28,'Class aptent taciti sociosqu ad litora torquent per conubia nostra.',2690.00,1,2,10,'FI_F12L518198-6577-1.JPG','FI_F12L518198-6577-1.JPG','FI_F12L518198-6577-1.JPG','FI_F12L518198-6577-1.JPG','FI_F12L518198-6577-1.JPG',0,'2021-10-21 19:00:00','2021-10-21 19:00:00'),(72527946,'FI_51J694X-4450',2,6,'Discovery',35,'Vivamus odio dolor, porta ac massa ac, tempor pellentesque ipsum.',6490.00,1,2,4,'FI_51J694X-4450-1.JPG','FI_51J694X-4450-1.JPG','FI_51J694X-4450-1.JPG','FI_51J694X-4450-1.JPG','FI_51J694X-4450-1.JPG',0,'2021-10-21 19:00:00','2021-10-21 19:00:00'),(72527955,'FI_F02L004162-2299',2,8,'Classic Court',35,'Etiam euismod lectus eu volutpat dictum. Phasellus vitae lorem hendrerit.',7590.00,1,2,4,'FI_F02L004162-2299-1.JPG','FI_F02L004162-2299-1.JPG','FI_F02L004162-2299-1.JPG','FI_F02L004162-2299-1.JPG','FI_F02L004162-2299-1.JPG',0,'2021-10-21 19:00:00','2021-10-21 19:00:00'),(72567959,'FI_F02L004162-4674',2,6,'Classic Court',35,'Etiam euismod lectus eu volutpat dictum. Phasellus vitae lorem hendrerit.',7590.00,1,1,2,'FI_F02L004162-4674-1.JPG','FI_F02L004162-4674-1.JPG','FI_F02L004162-4674-1.JPG','FI_F02L004162-4674-1.JPG','FI_F02L004162-4674-1.JPG',0,'2021-10-21 19:00:00','2021-10-21 19:00:00'),(72637989,'UA_1351883-001',1,5,'Woven Graphic',24,'Ut maximus nisl turpis, non viverra sem tincidunt vel. Cras.',7999.00,1,2,10,'UA_1351883-001-1.JPG','UA_1351883-001-1.JPG','UA_1351883-001-1.JPG','UA_1351883-001-1.JPG','UA_1351883-001-1.JPG',0,'2021-10-21 19:00:00','2021-10-21 19:00:00'),(72718004,'AD_DQ1071',4,4,'adidas Tiro Duffel',3,'Maecenas eget dui non nisi congue vulputate in vitae risus.',7199.00,1,2,10,'AD_DQ1071-1.jpg','AD_DQ1071-1.jpg','AD_DQ1071-1.jpg','AD_DQ1071-1.jpg','AD_DQ1071-1.jpg',0,'2021-10-21 19:00:00','2021-10-21 19:00:00'),(72758016,'FI_F01L004165-917',2,7,'Classic Runner',35,'Maecenas eget dui non nisi congue vulputate in vitae risus.',7590.00,1,1,6,'FI_F01L004165-917-1.JPG','FI_F01L004165-917-1.JPG','FI_F01L004165-917-1.JPG','FI_F01L004165-917-1.JPG','FI_F01L004165-917-1.JPG',0,'2021-10-21 19:00:00','2021-10-21 19:00:00'),(72758024,'FI_F04K004185-4644',2,2,'Flexion',35,'Mauris magna diam, faucibus ut euismod vitae, molestie sit amet.',5690.00,1,2,10,'FI_F04K004185-4644-1.JPG','FI_F04K004185-4644-1.JPG','FI_F04K004185-4644-1.JPG','FI_F04K004185-4644-1.JPG','FI_F04K004185-4644-1.JPG',0,'2021-10-21 19:00:00','2021-10-21 19:00:00'),(72828051,'FI_F01AT004144-4160',2,8,'Presence',35,'Mauris magna diam, faucibus ut euismod vitae, molestie sit amet.',6490.00,1,1,11,'FI_F01AT004144-4160-1.JPG','FI_F01AT004144-4160-1.JPG','FI_F01AT004144-4160-1.JPG','FI_F01AT004144-4160-1.JPG','FI_F01AT004144-4160-1.JPG',0,'2021-10-21 19:00:00','2021-10-21 19:00:00'),(72948098,'FI_F12L523009-788',2,6,'Full Print II',6,'Maecenas eget dui non nisi congue vulputate in vitae risus.',8990.00,1,1,10,'FI_F12L523009-788-1.JPG','FI_F12L523009-788-1.JPG','FI_F12L523009-788-1.JPG','FI_F12L523009-788-1.JPG','FI_F12L523009-788-1.JPG',0,'2021-10-21 19:00:00','2021-10-21 19:00:00'),(72988103,'FI_51U386X-4157',2,4,'D-Formation',35,'Nullam malesuada in quam non posuere. Morbi dolor nulla, cursus.',10490.00,1,2,2,'FI_51U386X-4157-1.JPG','FI_51U386X-4157-1.JPG','FI_51U386X-4157-1.JPG','FI_51U386X-4157-1.JPG','FI_51U386X-4157-1.JPG',0,'2021-10-21 19:00:00','2021-10-21 19:00:00'),(73048124,'FI_F11L508041-6577',2,3,'Attractive',24,'Nullam vitae turpis rutrum, vehicula nunc vitae, auctor sem. Quisque.',6370.00,1,2,2,'FI_F11L508041-6577-1.JPG','FI_F11L508041-6577-1.JPG','FI_F11L508041-6577-1.JPG','FI_F11L508041-6577-1.JPG','FI_F11L508041-6577-1.JPG',0,'2021-10-21 19:00:00','2021-10-21 19:00:00'),(73048134,'LO_ISS19319',3,6,'Easy Run',33,'Ut maximus nisl turpis, non viverra sem tincidunt vel. Cras.',3799.00,1,1,4,'LO_ISS19319-1.JPG','LO_ISS19319-1.JPG','LO_ISS19319-1.JPG','LO_ISS19319-1.JPG','LO_ISS19319-1.JPG',0,'2021-10-21 19:00:00','2021-10-21 19:00:00'),(73178174,'FI_51U391X-397',2,5,'Rippler',35,'Vivamus odio dolor, porta ac massa ac, tempor pellentesque ipsum.',8990.00,2,2,7,'FI_51U391X-397-1.JPG','FI_51U391X-397-1.JPG','FI_51U391X-397-1.JPG','FI_51U391X-397-1.JPG','FI_51U391X-397-1.JPG',0,'2021-10-21 19:00:00','2021-10-21 19:00:00'),(73178182,'FI_LS140143-1378',2,3,'Basic Letter',24,'Nullam vitae turpis rutrum, vehicula nunc vitae, auctor sem. Quisque.',5290.00,1,2,7,'FI_LS140143-1378-1.JPG','FI_LS140143-1378-1.JPG','FI_LS140143-1378-1.JPG','FI_LS140143-1378-1.JPG','FI_LS140143-1378-1.JPG',0,'2021-10-21 19:00:00','2021-10-21 19:00:00'),(73208188,'FI_11O214X-207',2,2,'Zermat',35,'Suspendisse orci nisi, maximus eu semper eget, tempor eu nunc.',7699.00,1,1,4,'FI_11O214X-207-1.JPG','FI_11O214X-207-1.JPG','FI_11O214X-207-1.JPG','FI_11O214X-207-1.JPG','FI_11O214X-207-1.JPG',0,'2021-10-21 19:00:00','2021-10-21 19:00:00'),(73208189,'UA_1352031-001',1,7,'Vital Woven',24,'Vivamus odio dolor, porta ac massa ac, tempor pellentesque ipsum.',6499.00,1,2,6,'UA_1352031-001-1.JPG','UA_1352031-001-1.JPG','UA_1352031-001-1.JPG','UA_1352031-001-1.JPG','UA_1352031-001-1.JPG',0,'2021-10-21 19:00:00','2021-10-21 19:00:00'),(73208190,'FI_11O204X-879',2,1,'Black Rock',35,'Class aptent taciti sociosqu ad litora torquent per conubia nostra.',9490.00,1,2,3,'FI_11O204X-879-1.JPG','FI_11O204X-879-1.JPG','FI_11O204X-879-1.JPG','FI_11O204X-879-1.JPG','FI_11O204X-879-1.JPG',0,'2021-10-21 19:00:00','2021-10-21 19:00:00'),(73268212,'FI_11O214X-819',2,8,'F-Zermat',35,'Nullam vitae turpis rutrum, vehicula nunc vitae, auctor sem. Quisque.',7690.00,1,1,6,'FI_11O214X-819-1.JPG','FI_11O214X-819-1.JPG','FI_11O214X-819-1.JPG','FI_11O214X-819-1.JPG','FI_11O214X-819-1.JPG',0,'2021-10-21 19:00:00','2021-10-21 19:00:00'),(73298221,'FI_F11L071-6577',2,6,'Sport Pass',28,'Ut a est et ex condimentum aliquam. Nam at tristique.',2890.00,1,2,8,'FI_F11L071-6577-1.JPG','FI_F11L071-6577-1.JPG','FI_F11L071-6577-1.JPG','FI_F11L071-6577-1.JPG','FI_F11L071-6577-1.JPG',0,'2021-10-21 19:00:00','2021-10-21 19:00:00'),(73298222,'FI_F12L505004-160',2,3,'Soft Trek',28,'Class aptent taciti sociosqu ad litora torquent per conubia nostra.',2790.00,1,1,8,'FI_F12L505004-160-1.JPG','FI_F12L505004-160-1.JPG','FI_F12L505004-160-1.JPG','FI_F12L505004-160-1.JPG','FI_F12L505004-160-1.JPG',0,'2021-10-21 19:00:00','2021-10-21 19:00:00'),(73378254,'FI_F02ST004010-4492',2,8,'Styling',35,'Suspendisse orci nisi, maximus eu semper eget, tempor eu nunc.',7590.00,2,2,9,'FI_F02ST004010-4492-1.JPG','FI_F02ST004010-4492-1.JPG','FI_F02ST004010-4492-1.JPG','FI_F02ST004010-4492-1.JPG','FI_F02ST004010-4492-1.JPG',0,'2021-10-21 19:00:00','2021-10-21 19:00:00'),(73408265,'UA_1351864-019',1,5,'Favourite Graphic',7,'Ut maximus nisl turpis, non viverra sem tincidunt vel. Cras.',5799.00,1,1,9,'UA_1351864-019-1.JPG','UA_1351864-019-1.JPG','UA_1351864-019-1.JPG','UA_1351864-019-1.JPG','UA_1351864-019-1.JPG',0,'2021-10-21 19:00:00','2021-10-21 19:00:00'),(73408266,'FI_F12L065-6577',2,4,'Sugar',28,'Nullam vitae turpis rutrum, vehicula nunc vitae, auctor sem. Quisque.',2790.00,2,1,9,'FI_F12L065-6577-1.JPG','FI_F12L065-6577-1.JPG','FI_F12L065-6577-1.JPG','FI_F12L065-6577-1.JPG','FI_F12L065-6577-1.JPG',0,'2021-10-21 19:00:00','2021-10-21 19:00:00'),(73498299,'UA_1352120-691',1,2,'Favorite 2.0 Tote',3,'Etiam euismod lectus eu volutpat dictum. Phasellus vitae lorem hendrerit.',4999.00,1,2,11,'UA_1352120-691-1.JPG','UA_1352120-691-1.JPG','UA_1352120-691-1.JPG','UA_1352120-691-1.JPG','UA_1352120-691-1.JPG',0,'2021-10-21 19:00:00','2021-10-21 19:00:00'),(73548305,'FI_F01R004104-209',2,8,'Kr5',35,'Nullam malesuada in quam non posuere. Morbi dolor nulla, cursus.',11990.00,1,2,6,'FI_F01R004104-209-1.JPG','FI_F01R004104-209-1.JPG','FI_F01R004104-209-1.JPG','FI_F01R004104-209-1.JPG','FI_F01R004104-209-1.JPG',0,'2021-10-21 19:00:00','2021-10-21 19:00:00'),(73578321,'FI_F11TN018-6011',2,5,'Break Ii',28,'Ut maximus nisl turpis, non viverra sem tincidunt vel. Cras.',2790.00,2,2,8,'FI_F11TN018-6011-1.JPG','FI_F11TN018-6011-1.JPG','FI_F11TN018-6011-1.JPG','FI_F11TN018-6011-1.JPG','FI_F11TN018-6011-1.JPG',0,'2021-10-21 19:00:00','2021-10-21 19:00:00'),(73578323,'AD_DQ1895',4,3,'adidas Supernova',28,'Ut maximus nisl turpis, non viverra sem tincidunt vel. Cras.',7299.00,1,2,2,'AD_DQ1895-1.JPG','AD_DQ1895-1.JPG','AD_DQ1895-1.JPG','AD_DQ1895-1.JPG','AD_DQ1895-1.JPG',0,'2021-10-21 19:00:00','2021-10-21 19:00:00'),(73608333,'LO_ISS19317',3,3,'Shine',30,'Suspendisse orci nisi, maximus eu semper eget, tempor eu nunc.',1200.00,1,2,8,'LO_ISS19317-1.JPG','LO_ISS19317-1.JPG','LO_ISS19317-1.JPG','LO_ISS19317-1.JPG','LO_ISS19317-1.JPG',0,'2021-10-21 19:00:00','2021-10-21 19:00:00'),(73678353,'FI_11J719X-4242',2,3,'Racer Fluid',35,'Mauris magna diam, faucibus ut euismod vitae, molestie sit amet.',5989.00,1,2,8,'FI_11J719X-4242-1.JPG','FI_11J719X-4242-1.JPG','FI_11J719X-4242-1.JPG','FI_11J719X-4242-1.JPG','FI_11J719X-4242-1.JPG',0,'2021-10-21 19:00:00','2021-10-21 19:00:00'),(73738384,'FI_F04K004059-4157',2,2,'D-Formation',35,'Class aptent taciti sociosqu ad litora torquent per conubia nostra.',6590.00,1,2,6,'FI_F04K004059-4157-1.JPG','FI_F04K004059-4157-1.JPG','FI_F04K004059-4157-1.JPG','FI_F04K004059-4157-1.JPG','FI_F04K004059-4157-1.JPG',0,'2021-10-21 19:00:00','2021-10-21 19:00:00'),(73738386,'FI_TR180254-504',2,6,'DNA II',28,'Nullam vitae turpis rutrum, vehicula nunc vitae, auctor sem. Quisque.',2790.00,1,2,5,'FI_TR180254-504-1.JPG','FI_TR180254-504-1.JPG','FI_TR180254-504-1.JPG','FI_TR180254-504-1.JPG','FI_TR180254-504-1.JPG',0,'2021-10-21 19:00:00','2021-10-21 19:00:00'),(73818404,'FI_51J713X-4326',2,5,'Attractive',35,'Ut a est et ex condimentum aliquam. Nam at tristique.',5489.00,1,1,2,'FI_51J713X-4326-1.JPG','FI_51J713X-4326-1.JPG','FI_51J713X-4326-1.JPG','FI_51J713X-4326-1.JPG','FI_51J713X-4326-1.JPG',0,'2021-10-21 19:00:00','2021-10-21 19:00:00'),(73918439,'AD_DY6395',4,2,'adidas Allover',34,'Nullam malesuada in quam non posuere. Morbi dolor nulla, cursus.',4899.00,1,1,7,'AD_DY6395-1.JPG','AD_DY6395-1.JPG','AD_DY6395-1.JPG','AD_DY6395-1.JPG','AD_DY6395-1.JPG',0,'2021-10-21 19:00:00','2021-10-21 19:00:00'),(73948451,'FI_51J694X-4125',2,8,'Discovery',35,'Nullam vitae turpis rutrum, vehicula nunc vitae, auctor sem. Quisque.',6490.00,1,2,4,'FI_51J694X-4125-1.JPG','FI_51J694X-4125-1.JPG','FI_51J694X-4125-1.JPG','FI_51J694X-4125-1.JPG','FI_51J694X-4125-1.JPG',0,'2021-10-21 19:00:00','2021-10-21 19:00:00'),(73998465,'FI_11J694X-4121',2,7,'Discovery',35,'Etiam euismod lectus eu volutpat dictum. Phasellus vitae lorem hendrerit.',6490.00,2,2,4,'FI_11J694X-4121-1.JPG','FI_11J694X-4121-1.JPG','FI_11J694X-4121-1.JPG','FI_11J694X-4121-1.JPG','FI_11J694X-4121-1.JPG',0,'2021-10-21 19:00:00','2021-10-21 19:00:00'),(74038480,'FI_31U308X-1168',2,8,'Euro Jogger Sport',35,'Maecenas eget dui non nisi congue vulputate in vitae risus.',5290.00,1,2,4,'FI_31U308X-1168-1.JPG','FI_31U308X-1168-1.JPG','FI_31U308X-1168-1.JPG','FI_31U308X-1168-1.JPG','FI_31U308X-1168-1.JPG',0,'2021-10-21 19:00:00','2021-10-21 19:00:00'),(74158524,'AD_CM8534',4,7,'adidas Predator 19.3',4,'Ut a est et ex condimentum aliquam. Nam at tristique.',10699.00,1,1,7,'AD_CM8534-1.JPG','AD_CM8534-1.JPG','AD_CM8534-1.JPG','AD_CM8534-1.JPG','AD_CM8534-1.JPG',0,'2021-10-21 19:00:00','2021-10-21 19:00:00'),(74188533,'FI_F01L004152-397',2,4,'Float Jogger',35,'Ut a est et ex condimentum aliquam. Nam at tristique.',10490.00,1,1,3,'FI_F01L004152-397-1.JPG','FI_F01L004152-397-1.JPG','FI_F01L004152-397-1.JPG','FI_F01L004152-397-1.JPG','FI_F01L004152-397-1.JPG',0,'2021-10-21 19:00:00','2021-10-21 19:00:00'),(74188539,'AD_CM8627',4,5,'adidas Nemeziz Messi 18.3',4,'Class aptent taciti sociosqu ad litora torquent per conubia nostra.',8699.00,1,2,10,'AD_CM8627-1.JPG','AD_CM8627-1.JPG','AD_CM8627-1.JPG','AD_CM8627-1.JPG','AD_CM8627-1.JPG',0,'2021-10-21 19:00:00','2021-10-21 19:00:00'),(74318584,'LO_ISS19345',3,4,'Easy Run',9,'Vivamus odio dolor, porta ac massa ac, tempor pellentesque ipsum.',8299.00,1,1,2,'LO_ISS19345-1.JPG','LO_ISS19345-1.JPG','LO_ISS19345-1.JPG','LO_ISS19345-1.JPG','LO_ISS19345-1.JPG',0,'2021-10-21 19:00:00','2021-10-21 19:00:00'),(74458628,'FI_F12L534007-6577',2,1,'Crop Letter Box',6,'Etiam euismod lectus eu volutpat dictum. Phasellus vitae lorem hendrerit.',5850.00,1,1,1,'FI_F12L534007-6577-1.JPG','FI_F12L534007-6577-1.JPG','FI_F12L534007-6577-1.JPG','FI_F12L534007-6577-1.JPG','FI_F12L534007-6577-1.JPG',0,'2021-10-21 19:00:00','2021-10-21 19:00:00'),(74458634,'UA_1350092-040',1,5,'Roland Duffle',3,'Ut maximus nisl turpis, non viverra sem tincidunt vel. Cras.',5999.00,1,2,8,'UA_1350092-040-1.JPG','UA_1350092-040-1.JPG','UA_1350092-040-1.JPG','UA_1350092-040-1.JPG','UA_1350092-040-1.JPG',0,'2021-10-21 19:00:00','2021-10-21 19:00:00'),(74488642,'LO_ISS191504',3,6,'Dinamico',17,'Nullam vitae turpis rutrum, vehicula nunc vitae, auctor sem. Quisque.',5899.00,1,1,6,'LO_ISS191504-1.JPG','LO_ISS191504-1.JPG','LO_ISS191504-1.JPG','LO_ISS191504-1.JPG','LO_ISS191504-1.JPG',0,'2021-10-21 19:00:00','2021-10-21 19:00:00'),(74548665,'GI_28102S0731',6,5,'Gilbert Barbarian s 2020',25,'Vivamus odio dolor, porta ac massa ac, tempor pellentesque ipsum.',8200.00,1,1,11,'GI_28102S0731-1.JPG','GI_28102S0731-1.JPG','GI_28102S0731-1.JPG','GI_28102S0731-1.JPG','GI_28102S0731-1.JPG',0,'2021-10-21 19:00:00','2021-10-21 19:00:00'),(74548671,'LO_KFW218001',3,4,'Trophy',35,'Ut maximus nisl turpis, non viverra sem tincidunt vel. Cras.',4299.00,1,1,4,'LO_KFW218001-1.JPG','LO_KFW218001-1.JPG','LO_KFW218001-1.JPG','LO_KFW218001-1.JPG','LO_KFW218001-1.JPG',0,'2021-10-21 19:00:00','2021-10-21 19:00:00'),(74588679,'GI_85519508',5,6,'Atomic V3',15,'Ut maximus nisl turpis, non viverra sem tincidunt vel. Cras.',1829.00,1,2,8,'GI_85519508-1.JPG','GI_85519508-1.JPG','GI_85519508-1.JPG','GI_85519508-1.JPG','GI_85519508-1.JPG',0,'2021-10-21 19:00:00','2021-10-21 19:00:00'),(74678700,'GI_83024302',5,8,'Player',3,'Ut maximus nisl turpis, non viverra sem tincidunt vel. Cras.',8480.00,1,2,4,'GI_83024302-1.JPG','GI_83024302-1.JPG','GI_83024302-1.JPG','GI_83024302-1.JPG','GI_83024302-1.JPG',0,'2021-10-21 19:00:00','2021-10-21 19:00:00'),(74678702,'GI_11400',5,6,'Midi 2015',25,'Suspendisse orci nisi, maximus eu semper eget, tempor eu nunc.',2800.00,1,1,10,'GI_11400-1.JPG','GI_11400-1.JPG','GI_11400-1.JPG','GI_11400-1.JPG','GI_11400-1.JPG',0,'2021-10-21 19:00:00','2021-10-21 19:00:00'),(74738724,'AD_CY6056',4,6,'adidas Trolley',3,'Class aptent taciti sociosqu ad litora torquent per conubia nostra.',34799.00,1,1,10,'AD_CY6056-1.JPG','AD_CY6056-1.JPG','AD_CY6056-1.JPG','AD_CY6056-1.JPG','AD_CY6056-1.JPG',0,'2021-10-21 19:00:00','2021-10-21 19:00:00'),(74738733,'GI_89010400',5,1,'Wondertape',11,'Class aptent taciti sociosqu ad litora torquent per conubia nostra.',760.00,1,2,5,'GI_89010400-1.JPG','GI_89010400-1.JPG','GI_89010400-1.JPG','GI_89010400-1.JPG','GI_89010400-1.JPG',0,'2021-10-21 19:00:00','2021-10-21 19:00:00'),(74768746,'GI_42098203',5,1,'G-TR3000',25,'Maecenas eget dui non nisi congue vulputate in vitae risus.',3560.00,1,1,4,'GI_42098203-1.JPG','GI_42098203-1.JPG','GI_42098203-1.JPG','GI_42098203-1.JPG','GI_42098203-1.JPG',0,'2021-10-21 19:00:00','2021-10-21 19:00:00'),(74828761,'GI_89009300',5,5,'metálico con collarín',31,'Vivamus odio dolor, porta ac massa ac, tempor pellentesque ipsum.',880.00,1,2,12,'GI_89009300-1.JPG','GI_89009300-1.JPG','GI_89009300-1.JPG','GI_89009300-1.JPG','GI_89009300-1.JPG',0,'2021-10-21 19:00:00','2021-10-21 19:00:00'),(74828762,'LO_ISS19339',3,3,'Easy Run',17,'Mauris magna diam, faucibus ut euismod vitae, molestie sit amet.',6399.00,1,2,6,'LO_ISS19339-1.JPG','LO_ISS19339-1.JPG','LO_ISS19339-1.JPG','LO_ISS19339-1.JPG','LO_ISS19339-1.JPG',0,'2021-10-21 19:00:00','2021-10-21 19:00:00'),(74858783,'GI_29909S',5,2,'Oficial Match Kinetica SLAR',25,'Ut maximus nisl turpis, non viverra sem tincidunt vel. Cras.',11000.00,1,1,11,'GI_29909S-1.JPG','GI_29909S-1.JPG','GI_29909S-1.JPG','GI_29909S-1.JPG','GI_29909S-1.JPG',0,'2021-10-21 19:00:00','2021-10-21 19:00:00'),(74928797,'GI_85521403',5,8,'Trilite V2',15,'Ut a est et ex condimentum aliquam. Nam at tristique.',7000.00,1,1,7,'GI_85521403-1.JPG','GI_85521403-1.JPG','GI_85521403-1.JPG','GI_85521403-1.JPG','GI_85521403-1.JPG',0,'2021-10-21 19:00:00','2021-10-21 19:00:00'),(74928805,'LO_ISS19342',3,5,'Easy Run',17,'Nullam vitae turpis rutrum, vehicula nunc vitae, auctor sem. Quisque.',6299.00,1,1,12,'LO_ISS19342-1.JPG','LO_ISS19342-1.JPG','LO_ISS19342-1.JPG','LO_ISS19342-1.JPG','LO_ISS19342-1.JPG',0,'2021-10-21 19:00:00','2021-10-21 19:00:00'),(74958815,'GI_85482305',5,2,'Triflex',15,'Nullam malesuada in quam non posuere. Morbi dolor nulla, cursus.',5899.00,1,1,2,'GI_85482305-1.JPG','GI_85482305-1.JPG','GI_85482305-1.JPG','GI_85482305-1.JPG','GI_85482305-1.JPG',0,'2021-10-21 19:00:00','2021-10-21 19:00:00'),(74958816,'LO_ISS19340',3,1,'Easy Run',17,'Class aptent taciti sociosqu ad litora torquent per conubia nostra.',6399.00,1,1,10,'LO_ISS19340-1.JPG','LO_ISS19340-1.JPG','LO_ISS19340-1.JPG','LO_ISS19340-1.JPG','LO_ISS19340-1.JPG',0,'2021-10-21 19:00:00','2021-10-21 19:00:00'),(75018838,'LO_ISS19332',3,7,'Easy Run',30,'Etiam euismod lectus eu volutpat dictum. Phasellus vitae lorem hendrerit.',3499.00,1,2,11,'LO_ISS19332-1.JPG','LO_ISS19332-1.JPG','LO_ISS19332-1.JPG','LO_ISS19332-1.JPG','LO_ISS19332-1.JPG',0,'2021-10-21 19:00:00','2021-10-21 19:00:00'),(75078860,'GI_85516305',5,6,'bucal  Viper',27,'Nullam malesuada in quam non posuere. Morbi dolor nulla, cursus.',1180.00,1,2,9,'GI_85516305-1.JPG','GI_85516305-1.JPG','GI_85516305-1.JPG','GI_85516305-1.JPG','GI_85516305-1.JPG',0,'2021-10-21 19:00:00','2021-10-21 19:00:00'),(75078865,'GI_48428305',5,4,'Atom N°5',25,'Etiam euismod lectus eu volutpat dictum. Phasellus vitae lorem hendrerit.',7200.00,1,1,10,'GI_48428305-1.JPG','GI_48428305-1.JPG','GI_48428305-1.JPG','GI_48428305-1.JPG','GI_48428305-1.JPG',0,'2021-10-21 19:00:00','2021-10-21 19:00:00'),(75108872,'LO_ISS19325',3,4,'Easy Run',28,'Etiam euismod lectus eu volutpat dictum. Phasellus vitae lorem hendrerit.',4199.00,1,2,12,'LO_ISS19325-1.JPG','LO_ISS19325-1.JPG','LO_ISS19325-1.JPG','LO_ISS19325-1.JPG','LO_ISS19325-1.JPG',0,'2021-10-21 19:00:00','2021-10-21 19:00:00'),(75138881,'LO_ISS19341',3,2,'Easy Run',17,'Suspendisse orci nisi, maximus eu semper eget, tempor eu nunc.',6299.00,1,1,9,'LO_ISS19341-1.JPG','LO_ISS19341-1.JPG','LO_ISS19341-1.JPG','LO_ISS19341-1.JPG','LO_ISS19341-1.JPG',0,'2021-10-21 19:00:00','2021-10-21 19:00:00'),(75138888,'GI_85521404',5,5,'Trilete V2',15,'Mauris magna diam, faucibus ut euismod vitae, molestie sit amet.',7000.00,1,1,3,'GI_85521404-1.JPG','GI_85521404-1.JPG','GI_85521404-1.JPG','GI_85521404-1.JPG','GI_85521404-1.JPG',0,'2021-10-21 19:00:00','2021-10-21 19:00:00'),(75138891,'AD_DT4827',4,1,'adidas Lin Core',29,'Ut maximus nisl turpis, non viverra sem tincidunt vel. Cras.',2699.00,1,2,5,'AD_DT4827-1.JPG','AD_DT4827-1.JPG','AD_DT4827-1.JPG','AD_DT4827-1.JPG','AD_DT4827-1.JPG',0,'2021-10-21 19:00:00','2021-10-21 19:00:00'),(75168894,'LO_ISS19334',3,7,'Easy Run',30,'Maecenas eget dui non nisi congue vulputate in vitae risus.',4399.00,1,2,2,'LO_ISS19334-1.JPG','LO_ISS19334-1.JPG','LO_ISS19334-1.JPG','LO_ISS19334-1.JPG','LO_ISS19334-1.JPG',0,'2021-10-21 19:00:00','2021-10-21 19:00:00'),(75228923,'FI_F12L518202-7273',2,8,'Maya II',28,'Class aptent taciti sociosqu ad litora torquent per conubia nostra.',2790.00,1,2,4,'FI_F12L518202-7273-1.JPG','FI_F12L518202-7273-1.JPG','FI_F12L518202-7273-1.JPG','FI_F12L518202-7273-1.JPG','FI_F12L518202-7273-1.JPG',0,'2021-10-21 19:00:00','2021-10-21 19:00:00'),(75298944,'FI_F11L506012-6367',2,2,'Letter New II',6,'Nullam malesuada in quam non posuere. Morbi dolor nulla, cursus.',7290.00,1,1,3,'FI_F11L506012-6367-1.JPG','FI_F11L506012-6367-1.JPG','FI_F11L506012-6367-1.JPG','FI_F11L506012-6367-1.JPG','FI_F11L506012-6367-1.JPG',0,'2021-10-21 19:00:00','2021-10-21 19:00:00'),(75298949,'FI_F01ST004023-139',2,3,'Trend 2.0',35,'Vivamus odio dolor, porta ac massa ac, tempor pellentesque ipsum.',7490.00,1,2,3,'FI_F01ST004023-139-1.JPG','FI_F01ST004023-139-1.JPG','FI_F01ST004023-139-1.JPG','FI_F01ST004023-139-1.JPG','FI_F01ST004023-139-1.JPG',0,'2021-10-21 19:00:00','2021-10-21 19:00:00'),(75298951,'FI_F02L004164-156',2,1,'V.Track 2.0',35,'Suspendisse orci nisi, maximus eu semper eget, tempor eu nunc.',7990.00,1,1,3,'FI_F02L004164-156-1.JPG','FI_F02L004164-156-1.JPG','FI_F02L004164-156-1.JPG','FI_F02L004164-156-1.JPG','FI_F02L004164-156-1.JPG',0,'2021-10-21 19:00:00','2021-10-21 19:00:00'),(75388979,'LO_ISS19338',3,5,'Easy Run',17,'Etiam euismod lectus eu volutpat dictum. Phasellus vitae lorem hendrerit.',6399.00,1,1,8,'LO_ISS19338-1.JPG','LO_ISS19338-1.JPG','LO_ISS19338-1.JPG','LO_ISS19338-1.JPG','LO_ISS19338-1.JPG',0,'2021-10-21 19:00:00','2021-10-21 19:00:00'),(75388985,'UA_1351604-001',1,3,'Seamless',28,'Maecenas eget dui non nisi congue vulputate in vitae risus.',6599.00,1,1,5,'UA_1351604-001-1.JPG','UA_1351604-001-1.JPG','UA_1351604-001-1.JPG','UA_1351604-001-1.JPG','UA_1351604-001-1.JPG',0,'2021-10-21 19:00:00','2021-10-21 19:00:00'),(75479008,'FI_F02ST004024-4643',2,3,'Trend 2.0',35,'Etiam euismod lectus eu volutpat dictum. Phasellus vitae lorem hendrerit.',7490.00,1,2,7,'FI_F02ST004024-4643-1.JPG','FI_F02ST004024-4643-1.JPG','FI_F02ST004024-4643-1.JPG','FI_F02ST004024-4643-1.JPG','FI_F02ST004024-4643-1.JPG',0,'2021-10-21 19:00:00','2021-10-21 19:00:00'),(75509022,'FI_F22TN012-5223',2,5,'Jogo x3',23,'Mauris magna diam, faucibus ut euismod vitae, molestie sit amet.',1750.00,1,1,10,'FI_F22TN012-5223-1.JPG','FI_F22TN012-5223-1.JPG','FI_F22TN012-5223-1.JPG','FI_F22TN012-5223-1.JPG','FI_F22TN012-5223-1.JPG',0,'2021-10-21 19:00:00','2021-10-21 19:00:00'),(75509023,'UA_1350092-005',1,3,'Roland Duffle',3,'Etiam euismod lectus eu volutpat dictum. Phasellus vitae lorem hendrerit.',5999.00,1,1,2,'UA_1350092-005-1.JPG','UA_1350092-005-1.JPG','UA_1350092-005-1.JPG','UA_1350092-005-1.JPG','UA_1350092-005-1.JPG',0,'2021-10-21 19:00:00','2021-10-21 19:00:00'),(75579040,'FI_F23AT011-6577',2,5,'Elasic x3',23,'Nullam vitae turpis rutrum, vehicula nunc vitae, auctor sem. Quisque.',1190.00,1,1,8,'FI_F23AT011-6577-1.JPG','FI_F23AT011-6577-1.JPG','FI_F23AT011-6577-1.JPG','FI_F23AT011-6577-1.JPG','FI_F23AT011-6577-1.JPG',0,'2021-10-21 19:00:00','2021-10-21 19:00:00'),(75649064,'UA_1350092-006',1,5,'Roland Duffel',3,'Etiam euismod lectus eu volutpat dictum. Phasellus vitae lorem hendrerit.',5999.00,1,2,5,'UA_1350092-006-1.JPG','UA_1350092-006-1.JPG','UA_1350092-006-1.JPG','UA_1350092-006-1.JPG','UA_1350092-006-1.JPG',0,'2021-10-21 19:00:00','2021-10-21 19:00:00'),(75649065,'LO_KFW218006',3,6,'Trophy',35,'Maecenas eget dui non nisi congue vulputate in vitae risus.',4899.00,1,1,12,'LO_KFW218006-1.JPG','LO_KFW218006-1.JPG','LO_KFW218006-1.JPG','LO_KFW218006-1.JPG','LO_KFW218006-1.JPG',0,'2021-10-21 19:00:00','2021-10-21 19:00:00'),(75799124,'FI_F22AT012-4806',2,4,'Elasic x3',23,'Mauris magna diam, faucibus ut euismod vitae, molestie sit amet.',1190.00,2,2,2,'FI_F22AT012-4806-1.JPG','FI_F22AT012-4806-1.JPG','FI_F22AT012-4806-1.JPG','FI_F22AT012-4806-1.JPG','FI_F22AT012-4806-1.JPG',0,'2021-10-21 19:00:00','2021-10-21 19:00:00'),(75889136,'LO_ISS19322',3,4,'Easy Run',28,'Nullam vitae turpis rutrum, vehicula nunc vitae, auctor sem. Quisque.',4199.00,1,2,10,'LO_ISS19322-1.JPG','LO_ISS19322-1.JPG','LO_ISS19322-1.JPG','LO_ISS19322-1.JPG','LO_ISS19322-1.JPG',0,'2021-10-21 19:00:00','2021-10-21 19:00:00'),(75889141,'UA_1351010-001',1,3,'Tech 2.0',24,'Mauris magna diam, faucibus ut euismod vitae, molestie sit amet.',6999.00,1,2,3,'UA_1351010-001-1.JPG','UA_1351010-001-1.JPG','UA_1351010-001-1.JPG','UA_1351010-001-1.JPG','UA_1351010-001-1.JPG',0,'2021-10-21 19:00:00','2021-10-21 19:00:00'),(75969149,'LO_KFW218000',3,4,'Trophy',35,'Nullam malesuada in quam non posuere. Morbi dolor nulla, cursus.',4799.00,1,1,6,'LO_KFW218000-1.JPG','LO_KFW218000-1.JPG','LO_KFW218000-1.JPG','LO_KFW218000-1.JPG','LO_KFW218000-1.JPG',0,'2021-10-21 19:00:00','2021-10-21 19:00:00'),(75999161,'FI_F12L501009-6577',2,6,'Felu',2,'Ut maximus nisl turpis, non viverra sem tincidunt vel. Cras.',3590.00,1,2,5,'FI_F12L501009-6577-1.JPG','FI_F12L501009-6577-1.JPG','FI_F12L501009-6577-1.JPG','FI_F12L501009-6577-1.JPG','FI_F12L501009-6577-1.JPG',0,'2021-10-21 19:00:00','2021-10-21 19:00:00'),(76029172,'UA_1350196-001',1,3,'Fly By 2.0',30,'Nullam malesuada in quam non posuere. Morbi dolor nulla, cursus.',4299.00,1,2,3,'UA_1350196-001-1.JPG','UA_1350196-001-1.JPG','UA_1350196-001-1.JPG','UA_1350196-001-1.JPG','UA_1350196-001-1.JPG',0,'2021-10-21 19:00:00','2021-10-21 19:00:00'),(76089197,'LO_ISS19335',3,5,'Easy Run',30,'Class aptent taciti sociosqu ad litora torquent per conubia nostra.',4399.00,1,2,11,'LO_ISS19335-1.JPG','LO_ISS19335-1.JPG','LO_ISS19335-1.JPG','LO_ISS19335-1.JPG','LO_ISS19335-1.JPG',0,'2021-10-21 19:00:00','2021-10-21 19:00:00'),(76149223,'FI_51A017X-3837',2,4,'Drifter Basic',22,'Vivamus odio dolor, porta ac massa ac, tempor pellentesque ipsum.',4490.00,1,2,4,'FI_51A017X-3837-1.JPG','FI_51A017X-3837-1.JPG','FI_51A017X-3837-1.JPG','FI_51A017X-3837-1.JPG','FI_51A017X-3837-1.JPG',0,'2021-10-21 19:00:00','2021-10-21 19:00:00'),(76179238,'AD_DV0357',4,6,'adidas Essentials Linear',28,'Etiam euismod lectus eu volutpat dictum. Phasellus vitae lorem hendrerit.',2799.00,2,2,12,'AD_DV0357-1.JPG','AD_DV0357-1.JPG','AD_DV0357-1.JPG','AD_DV0357-1.JPG','AD_DV0357-1.JPG',0,'2021-10-21 19:00:00','2021-10-21 19:00:00'),(76259264,'LO_ISS19336',3,5,'Easy Run',7,'Maecenas eget dui non nisi congue vulputate in vitae risus.',5299.00,1,2,2,'LO_ISS19336-1.JPG','LO_ISS19336-1.JPG','LO_ISS19336-1.JPG','LO_ISS19336-1.JPG','LO_ISS19336-1.JPG',0,'2021-10-21 19:00:00','2021-10-21 19:00:00'),(76259271,'LO_ISS19347',3,1,'Easy Run',9,'Suspendisse orci nisi, maximus eu semper eget, tempor eu nunc.',6799.00,1,2,4,'LO_ISS19347-1.JPG','LO_ISS19347-1.JPG','LO_ISS19347-1.JPG','LO_ISS19347-1.JPG','LO_ISS19347-1.JPG',0,'2021-10-21 19:00:00','2021-10-21 19:00:00'),(76309291,'FI_F22AT012-6577',2,3,'Elasic x3',23,'Class aptent taciti sociosqu ad litora torquent per conubia nostra.',1190.00,1,2,8,'FI_F22AT012-6577-1.JPG','FI_F22AT012-6577-1.JPG','FI_F22AT012-6577-1.JPG','FI_F22AT012-6577-1.JPG','FI_F22AT012-6577-1.JPG',0,'2021-10-21 19:00:00','2021-10-21 19:00:00'),(76339307,'LO_ISS19320',3,1,'Easy Run',33,'Ut maximus nisl turpis, non viverra sem tincidunt vel. Cras.',3799.00,1,2,6,'LO_ISS19320-1.JPG','LO_ISS19320-1.JPG','LO_ISS19320-1.JPG','LO_ISS19320-1.JPG','LO_ISS19320-1.JPG',0,'2021-10-21 19:00:00','2021-10-21 19:00:00'),(76339308,'FI_F02R004109-3380',2,6,'Atmosphere',35,'Ut a est et ex condimentum aliquam. Nam at tristique.',7990.00,1,2,7,'FI_F02R004109-3380-1.JPG','FI_F02R004109-3380-1.JPG','FI_F02R004109-3380-1.JPG','FI_F02R004109-3380-1.JPG','FI_F02R004109-3380-1.JPG',0,'2021-10-21 19:00:00','2021-10-21 19:00:00'),(76399330,'FI_F02L004153-4284',2,3,'Float Jogger',35,'Suspendisse orci nisi, maximus eu semper eget, tempor eu nunc.',10490.00,2,2,8,'FI_F02L004153-4284-1.JPG','FI_F02L004153-4284-1.JPG','FI_F02L004153-4284-1.JPG','FI_F02L004153-4284-1.JPG','FI_F02L004153-4284-1.JPG',0,'2021-10-21 19:00:00','2021-10-21 19:00:00'),(76399333,'LO_ISS19329',3,6,'Easy Run',30,'Etiam euismod lectus eu volutpat dictum. Phasellus vitae lorem hendrerit.',3499.00,1,2,12,'LO_ISS19329-1.JPG','LO_ISS19329-1.JPG','LO_ISS19329-1.JPG','LO_ISS19329-1.JPG','LO_ISS19329-1.JPG',0,'2021-10-21 19:00:00','2021-10-21 19:00:00'),(76489367,'UA_1352128-010',1,7,'Midi 2.0',20,'Etiam euismod lectus eu volutpat dictum. Phasellus vitae lorem hendrerit.',5799.00,1,1,2,'UA_1352128-010-1.JPG','UA_1352128-010-1.JPG','UA_1352128-010-1.JPG','UA_1352128-010-1.JPG','UA_1352128-010-1.JPG',0,'2021-10-21 19:00:00','2021-10-21 19:00:00'),(76489370,'LO_KFW218003',3,3,'Trophy',35,'Class aptent taciti sociosqu ad litora torquent per conubia nostra.',4799.00,2,2,5,'LO_KFW218003-1.JPG','LO_KFW218003-1.JPG','LO_KFW218003-1.JPG','LO_KFW218003-1.JPG','LO_KFW218003-1.JPG',0,'2021-10-21 19:00:00','2021-10-21 19:00:00'),(76539388,'LO_ISS19346',3,4,'Easy Run',9,'Suspendisse orci nisi, maximus eu semper eget, tempor eu nunc.',6799.00,1,2,6,'LO_ISS19346-1.JPG','LO_ISS19346-1.JPG','LO_ISS19346-1.JPG','LO_ISS19346-1.JPG','LO_ISS19346-1.JPG',0,'2021-10-21 19:00:00','2021-10-21 19:00:00'),(76539390,'FI_F12L534007-7359',2,6,'Crop Letter Box',6,'Nullam vitae turpis rutrum, vehicula nunc vitae, auctor sem. Quisque.',5850.00,1,2,11,'FI_F12L534007-7359-1.JPG','FI_F12L534007-7359-1.JPG','FI_F12L534007-7359-1.JPG','FI_F12L534007-7359-1.JPG','FI_F12L534007-7359-1.JPG',0,'2021-10-21 19:00:00','2021-10-21 19:00:00'),(76569401,'FI_11U386X-397',2,2,'D-Formation',35,'Suspendisse orci nisi, maximus eu semper eget, tempor eu nunc.',10490.00,1,1,10,'FI_11U386X-397-1.JPG','FI_11U386X-397-1.JPG','FI_11U386X-397-1.JPG','FI_11U386X-397-1.JPG','FI_11U386X-397-1.JPG',0,'2021-10-21 19:00:00','2021-10-21 19:00:00'),(76569404,'LO_ISS19344',3,2,'Easy Run',9,'Etiam euismod lectus eu volutpat dictum. Phasellus vitae lorem hendrerit.',8299.00,2,1,3,'LO_ISS19344-1.JPG','LO_ISS19344-1.JPG','LO_ISS19344-1.JPG','LO_ISS19344-1.JPG','LO_ISS19344-1.JPG',0,'2021-10-21 19:00:00','2021-10-21 19:00:00'),(76629426,'LO_KFW218005',3,4,'Trophy',35,'Vivamus odio dolor, porta ac massa ac, tempor pellentesque ipsum.',4799.00,1,1,8,'LO_KFW218005-1.JPG','LO_KFW218005-1.JPG','LO_KFW218005-1.JPG','LO_KFW218005-1.JPG','LO_KFW218005-1.JPG',0,'2021-10-21 19:00:00','2021-10-21 19:00:00'),(76659438,'GI_85518505',5,8,'bucal  Flag France',27,'Maecenas eget dui non nisi congue vulputate in vitae risus.',1080.00,1,2,2,'GI_85518505-1.JPG','GI_85518505-1.JPG','GI_85518505-1.JPG','GI_85518505-1.JPG','GI_85518505-1.JPG',0,'2021-10-21 19:00:00','2021-10-21 19:00:00'),(76659439,'GI_85518703',5,5,'bucal  Flag Ireland Jr',27,'Nullam malesuada in quam non posuere. Morbi dolor nulla, cursus.',1080.00,1,2,5,'GI_85518703-1.JPG','GI_85518703-1.JPG','GI_85518703-1.JPG','GI_85518703-1.JPG','GI_85518703-1.JPG',0,'2021-10-21 19:00:00','2021-10-21 19:00:00'),(76659440,'GI_85516303',5,3,'bucal  Viper',27,'Ut maximus nisl turpis, non viverra sem tincidunt vel. Cras.',1180.00,1,1,7,'GI_85516303-1.JPG','GI_85516303-1.JPG','GI_85516303-1.JPG','GI_85516303-1.JPG','GI_85516303-1.JPG',0,'2021-10-21 19:00:00','2021-10-21 19:00:00'),(76689452,'FI_11J711X-2194',2,7,'Interceptor',35,'Etiam euismod lectus eu volutpat dictum. Phasellus vitae lorem hendrerit.',7490.00,2,1,1,'FI_11J711X-2194-1.JPG','FI_11J711X-2194-1.JPG','FI_11J711X-2194-1.JPG','FI_11J711X-2194-1.JPG','FI_11J711X-2194-1.JPG',0,'2021-10-21 19:00:00','2021-10-21 19:00:00'),(76689453,'AD_DX5938',4,7,'adidas River Plate Arquero 2019/20',8,'Mauris magna diam, faucibus ut euismod vitae, molestie sit amet.',3574.00,1,1,3,'AD_DX5938-1.JPG','AD_DX5938-1.JPG','AD_DX5938-1.JPG','AD_DX5938-1.JPG','AD_DX5938-1.JPG',0,'2021-10-21 19:00:00','2021-10-21 19:00:00'),(76689455,'UA_1353450-001',1,5,'HeatGear Rush Fitted',28,'Nullam vitae turpis rutrum, vehicula nunc vitae, auctor sem. Quisque.',7599.00,1,2,12,'UA_1353450-001-1.JPG','UA_1353450-001-1.JPG','UA_1353450-001-1.JPG','UA_1353450-001-1.JPG','UA_1353450-001-1.JPG',0,'2021-10-21 19:00:00','2021-10-21 19:00:00'),(76709457,'FI_F11R518066-1584',2,8,'Run Go To Mars',28,'Mauris magna diam, faucibus ut euismod vitae, molestie sit amet.',3690.00,1,2,11,'FI_F11R518066-1584-1.JPG','FI_F11R518066-1584-1.JPG','FI_F11R518066-1584-1.JPG','FI_F11R518066-1584-1.JPG','FI_F11R518066-1584-1.JPG',0,'2021-10-21 19:00:00','2021-10-21 19:00:00'),(76709460,'LO_KFW218002',3,3,'Trophy',35,'Nullam vitae turpis rutrum, vehicula nunc vitae, auctor sem. Quisque.',4799.00,1,2,3,'LO_KFW218002-1.JPG','LO_KFW218002-1.JPG','LO_KFW218002-1.JPG','LO_KFW218002-1.JPG','LO_KFW218002-1.JPG',0,'2021-10-21 19:00:00','2021-10-21 19:00:00'),(76709467,'FI_F02ST004034-4508',2,4,'Sparky',35,'Nullam malesuada in quam non posuere. Morbi dolor nulla, cursus.',6490.00,1,2,5,'FI_F02ST004034-4508-1.JPG','FI_F02ST004034-4508-1.JPG','FI_F02ST004034-4508-1.JPG','FI_F02ST004034-4508-1.JPG','FI_F02ST004034-4508-1.JPG',0,'2021-10-21 19:00:00','2021-10-21 19:00:00'),(76769491,'FI_F02ST004024-4642',2,5,'Trend 2.0',35,'Ut maximus nisl turpis, non viverra sem tincidunt vel. Cras.',7490.00,1,1,12,'FI_F02ST004024-4642-1.JPG','FI_F02ST004024-4642-1.JPG','FI_F02ST004024-4642-1.JPG','FI_F02ST004024-4642-1.JPG','FI_F02ST004024-4642-1.JPG',0,'2021-10-21 19:00:00','2021-10-21 19:00:00'),(76829505,'UA_1351267-100',1,2,'Play Up',13,'Nullam vitae turpis rutrum, vehicula nunc vitae, auctor sem. Quisque.',3299.00,1,1,6,'UA_1351267-100-1.JPG','UA_1351267-100-1.JPG','UA_1351267-100-1.JPG','UA_1351267-100-1.JPG','UA_1351267-100-1.JPG',0,'2021-10-21 19:00:00','2021-10-21 19:00:00'),(76849520,'GI_28122S0333',6,1,'Gilbert Replica Sz5 Argentina  15',25,'Maecenas eget dui non nisi congue vulputate in vitae risus.',5760.00,1,1,9,'GI_28122S0333-1.JPG','GI_28122S0333-1.JPG','GI_28122S0333-1.JPG','GI_28122S0333-1.JPG','GI_28122S0333-1.JPG',0,'2021-10-21 19:00:00','2021-10-21 19:00:00'),(76879536,'LO_KFW218004',3,7,'Trophy',35,'Mauris magna diam, faucibus ut euismod vitae, molestie sit amet.',4799.00,1,1,9,'LO_KFW218004-1.JPG','LO_KFW218004-1.JPG','LO_KFW218004-1.JPG','LO_KFW218004-1.JPG','LO_KFW218004-1.JPG',0,'2021-10-21 19:00:00','2021-10-21 19:00:00'),(76879537,'FI_F12R549008-100',2,6,'Tech',9,'Nullam vitae turpis rutrum, vehicula nunc vitae, auctor sem. Quisque.',8190.00,1,1,11,'FI_F12R549008-100-1.JPG','FI_F12R549008-100-1.JPG','FI_F12R549008-100-1.JPG','FI_F12R549008-100-1.JPG','FI_F12R549008-100-1.JPG',0,'2021-10-21 19:00:00','2021-10-21 19:00:00'),(76879538,'FI_F12R501017-2491',2,8,'High Tech Emanatrix Pockets',2,'Nullam vitae turpis rutrum, vehicula nunc vitae, auctor sem. Quisque.',4250.00,1,2,10,'FI_F12R501017-2491-1.JPG','FI_F12R501017-2491-1.JPG','FI_F12R501017-2491-1.JPG','FI_F12R501017-2491-1.JPG','FI_F12R501017-2491-1.JPG',0,'2021-10-21 19:00:00','2021-10-21 19:00:00'),(76939562,'FI_11J711X-793',2,8,'Interceptor',35,'Maecenas eget dui non nisi congue vulputate in vitae risus.',7490.00,1,1,8,'FI_11J711X-793-1.JPG','FI_11J711X-793-1.JPG','FI_11J711X-793-1.JPG','FI_11J711X-793-1.JPG','FI_11J711X-793-1.JPG',0,'2021-10-21 19:00:00','2021-10-21 19:00:00'),(76969569,'FI_61K329X-972',2,6,'Lugano 6.0 Vlc',35,'Nullam vitae turpis rutrum, vehicula nunc vitae, auctor sem. Quisque.',4990.00,1,2,8,'FI_61K329X-972-1.JPG','FI_61K329X-972-1.JPG','FI_61K329X-972-1.JPG','FI_61K329X-972-1.JPG','FI_61K329X-972-1.JPG',0,'2021-10-21 19:00:00','2021-10-21 19:00:00'),(76989578,'AD_DV0349',4,8,'adidas Essentials 3S',24,'Nullam vitae turpis rutrum, vehicula nunc vitae, auctor sem. Quisque.',5499.00,1,1,11,'AD_DV0349-1.JPG','AD_DV0349-1.JPG','AD_DV0349-1.JPG','AD_DV0349-1.JPG','AD_DV0349-1.JPG',0,'2021-10-21 19:00:00','2021-10-21 19:00:00'),(77019594,'FI_F12AT500011-2393',2,2,'Block Colors II',12,'Vivamus odio dolor, porta ac massa ac, tempor pellentesque ipsum.',8390.00,2,1,2,'FI_F12AT500011-2393-1.JPG','FI_F12AT500011-2393-1.JPG','FI_F12AT500011-2393-1.JPG','FI_F12AT500011-2393-1.JPG','FI_F12AT500011-2393-1.JPG',0,'2021-10-21 19:00:00','2021-10-21 19:00:00'),(77019597,'FI_F12L527015-353',2,3,'Mesh Trek',9,'Nullam vitae turpis rutrum, vehicula nunc vitae, auctor sem. Quisque.',6890.00,1,2,10,'FI_F12L527015-353-1.JPG','FI_F12L527015-353-1.JPG','FI_F12L527015-353-1.JPG','FI_F12L527015-353-1.JPG','FI_F12L527015-353-1.JPG',0,'2021-10-21 19:00:00','2021-10-21 19:00:00'),(77049608,'FI_F12L065-6382',2,3,'Sugar',28,'Class aptent taciti sociosqu ad litora torquent per conubia nostra.',2790.00,2,1,4,'FI_F12L065-6382-1.JPG','FI_F12L065-6382-1.JPG','FI_F12L065-6382-1.JPG','FI_F12L065-6382-1.JPG','FI_F12L065-6382-1.JPG',0,'2021-10-21 19:00:00','2021-10-21 19:00:00'),(77069612,'GI_28122S0592',5,7,'Replica UAR',25,'Ut a est et ex condimentum aliquam. Nam at tristique.',5720.00,1,2,10,'GI_28122S0592-1.JPG','GI_28122S0592-1.JPG','GI_28122S0592-1.JPG','GI_28122S0592-1.JPG','GI_28122S0592-1.JPG',0,'2021-10-21 19:00:00','2021-10-21 19:00:00'),(77189660,'LO_ISS19330',3,3,'Easy Run',30,'Vivamus odio dolor, porta ac massa ac, tempor pellentesque ipsum.',3499.00,1,2,12,'LO_ISS19330-1.JPG','LO_ISS19330-1.JPG','LO_ISS19330-1.JPG','LO_ISS19330-1.JPG','LO_ISS19330-1.JPG',0,'2021-10-21 19:00:00','2021-10-21 19:00:00'),(77329724,'FI_11O204X-3051',2,5,'Black Rock',35,'Nullam malesuada in quam non posuere. Morbi dolor nulla, cursus.',9490.00,1,1,3,'FI_11O204X-3051-1.JPG','FI_11O204X-3051-1.JPG','FI_11O204X-3051-1.JPG','FI_11O204X-3051-1.JPG','FI_11O204X-3051-1.JPG',0,'2021-10-21 19:00:00','2021-10-21 19:00:00'),(77349738,'LO_ISS19333',3,6,'Easy Run',30,'Ut maximus nisl turpis, non viverra sem tincidunt vel. Cras.',4399.00,1,1,6,'LO_ISS19333-1.JPG','LO_ISS19333-1.JPG','LO_ISS19333-1.JPG','LO_ISS19333-1.JPG','LO_ISS19333-1.JPG',0,'2021-10-21 19:00:00','2021-10-21 19:00:00'),(77379744,'FI_11U391X-2110',2,8,'Rippler',35,'Class aptent taciti sociosqu ad litora torquent per conubia nostra.',8490.00,1,2,6,'FI_11U391X-2110-1.JPG','FI_11U391X-2110-1.JPG','FI_11U391X-2110-1.JPG','FI_11U391X-2110-1.JPG','FI_11U391X-2110-1.JPG',0,'2021-10-21 19:00:00','2021-10-21 19:00:00'),(77379748,'FI_F12L527015-469',2,7,'Mesh Trek',9,'Nullam vitae turpis rutrum, vehicula nunc vitae, auctor sem. Quisque.',6890.00,2,1,8,'FI_F12L527015-469-1.JPG','FI_F12L527015-469-1.JPG','FI_F12L527015-469-1.JPG','FI_F12L527015-469-1.JPG','FI_F12L527015-469-1.JPG',0,'2021-10-21 19:00:00','2021-10-21 19:00:00'),(77409764,'UA_1351417-449',1,5,'Training Trucker',13,'Mauris magna diam, faucibus ut euismod vitae, molestie sit amet.',3299.00,1,2,12,'UA_1351417-449-1.JPG','UA_1351417-449-1.JPG','UA_1351417-449-1.JPG','UA_1351417-449-1.JPG','UA_1351417-449-1.JPG',0,'2021-10-21 19:00:00','2021-10-21 19:00:00'),(77479789,'GI_85518705',5,6,'bucal  Flag Ireland',27,'Nullam vitae turpis rutrum, vehicula nunc vitae, auctor sem. Quisque.',1080.00,1,2,5,'GI_85518705-1.JPG','GI_85518705-1.JPG','GI_85518705-1.JPG','GI_85518705-1.JPG','GI_85518705-1.JPG',0,'2021-10-21 19:00:00','2021-10-21 19:00:00'),(77509800,'GI_85517105',5,3,'bucal  Virtuo 3D',27,'Maecenas eget dui non nisi congue vulputate in vitae risus.',1620.00,1,1,3,'GI_85517105-1.JPG','GI_85517105-1.JPG','GI_85517105-1.JPG','GI_85517105-1.JPG','GI_85517105-1.JPG',0,'2021-10-21 19:00:00','2021-10-21 19:00:00'),(77509802,'UA_1351604-403',1,4,'Seamless',28,'Maecenas eget dui non nisi congue vulputate in vitae risus.',6599.00,1,2,10,'UA_1351604-403-1.JPG','UA_1351604-403-1.JPG','UA_1351604-403-1.JPG','UA_1351604-403-1.JPG','UA_1351604-403-1.JPG',0,'2021-10-21 19:00:00','2021-10-21 19:00:00'),(77579818,'UA_1350198-404',1,4,'Fly By 2.0',30,'Ut a est et ex condimentum aliquam. Nam at tristique.',4999.00,1,1,9,'UA_1350198-404-1.JPG','UA_1350198-404-1.JPG','UA_1350198-404-1.JPG','UA_1350198-404-1.JPG','UA_1350198-404-1.JPG',0,'2021-10-21 19:00:00','2021-10-21 19:00:00'),(77609832,'FI_51U386X-397',2,3,'D-Formation',35,'Nullam malesuada in quam non posuere. Morbi dolor nulla, cursus.',10490.00,1,1,4,'FI_51U386X-397-1.JPG','FI_51U386X-397-1.JPG','FI_51U386X-397-1.JPG','FI_51U386X-397-1.JPG','FI_51U386X-397-1.JPG',0,'2021-10-21 19:00:00','2021-10-21 19:00:00'),(77649840,'AD_DX5932',4,4,'adidas River Plate Alternativa 2019/20',8,'Nullam malesuada in quam non posuere. Morbi dolor nulla, cursus.',3000.00,1,1,5,'AD_DX5932-1.JPG','AD_DX5932-1.JPG','AD_DX5932-1.JPG','AD_DX5932-1.JPG','AD_DX5932-1.JPG',0,'2021-10-21 19:00:00','2021-10-21 19:00:00'),(77679852,'AD_DY6410',4,2,'adidas Colorblock',34,'Class aptent taciti sociosqu ad litora torquent per conubia nostra.',5499.00,1,2,10,'AD_DY6410-1.JPG','AD_DY6410-1.JPG','AD_DY6410-1.JPG','AD_DY6410-1.JPG','AD_DY6410-1.JPG',0,'2021-10-21 19:00:00','2021-10-21 19:00:00'),(77809901,'FI_F11L071-4806',2,3,'Sport Pass',28,'Etiam euismod lectus eu volutpat dictum. Phasellus vitae lorem hendrerit.',2890.00,1,1,2,'FI_F11L071-4806-1.JPG','FI_F11L071-4806-1.JPG','FI_F11L071-4806-1.JPG','FI_F11L071-4806-1.JPG','FI_F11L071-4806-1.JPG',0,'2021-10-21 19:00:00','2021-10-21 19:00:00'),(77869927,'FI_F11L527029-160',2,8,'Padded Quilt',9,'Suspendisse orci nisi, maximus eu semper eget, tempor eu nunc.',13490.00,1,2,12,'FI_F11L527029-160-1.JPG','FI_F11L527029-160-1.JPG','FI_F11L527029-160-1.JPG','FI_F11L527029-160-1.JPG','FI_F11L527029-160-1.JPG',0,'2021-10-21 19:00:00','2021-10-21 19:00:00'),(77919950,'UA_1353511-403',1,8,'Fly Fast Printed',7,'Etiam euismod lectus eu volutpat dictum. Phasellus vitae lorem hendrerit.',8599.00,1,2,6,'UA_1353511-403-1.JPG','UA_1353511-403-1.JPG','UA_1353511-403-1.JPG','UA_1353511-403-1.JPG','UA_1353511-403-1.JPG',0,'2021-10-21 19:00:00','2021-10-21 19:00:00'),(77979975,'FI_F11L508022-140',2,7,'Cargo Trek',24,'Class aptent taciti sociosqu ad litora torquent per conubia nostra.',5890.00,2,1,7,'FI_F11L508022-140-1.JPG','FI_F11L508022-140-1.JPG','FI_F11L508022-140-1.JPG','FI_F11L508022-140-1.JPG','FI_F11L508022-140-1.JPG',0,'2021-10-21 19:00:00','2021-10-21 19:00:00'),(780210004,'FI_F11L508031-504',2,2,'Basic Tape Winter',24,'Vivamus odio dolor, porta ac massa ac, tempor pellentesque ipsum.',5590.00,1,1,2,'FI_F11L508031-504-1.JPG','FI_F11L508031-504-1.JPG','FI_F11L508031-504-1.JPG','FI_F11L508031-504-1.JPG','FI_F11L508031-504-1.JPG',0,'2021-10-21 19:00:00','2021-10-21 19:00:00'),(780810026,'UA_1353663-001',1,8,'Speed Stride Graphic',28,'Maecenas eget dui non nisi congue vulputate in vitae risus.',5999.00,1,1,1,'UA_1353663-001-1.JPG','UA_1353663-001-1.JPG','UA_1353663-001-1.JPG','UA_1353663-001-1.JPG','UA_1353663-001-1.JPG',0,'2021-10-21 19:00:00','2021-10-21 19:00:00'),(782210082,'UA_1351748-679',1,6,'Charged',21,'Suspendisse orci nisi, maximus eu semper eget, tempor eu nunc.',5299.00,2,2,1,'UA_1351748-679-1.JPG','UA_1351748-679-1.JPG','UA_1351748-679-1.JPG','UA_1351748-679-1.JPG','UA_1351748-679-1.JPG',0,'2021-10-21 19:00:00','2021-10-21 19:00:00'),(782210087,'FI_51U335X-3207',2,1,'Euro Jogger Sport',35,'Nullam malesuada in quam non posuere. Morbi dolor nulla, cursus.',8490.00,1,2,5,'FI_51U335X-3207-1.JPG','FI_51U335X-3207-1.JPG','FI_51U335X-3207-1.JPG','FI_51U335X-3207-1.JPG','FI_51U335X-3207-1.JPG',0,'2021-10-21 19:00:00','2021-10-21 19:00:00'),(782710111,'FI_51U391X-3897',2,1,'Rippler',35,'Etiam euismod lectus eu volutpat dictum. Phasellus vitae lorem hendrerit.',8990.00,1,1,4,'FI_51U391X-3897-1.JPG','FI_51U391X-3897-1.JPG','FI_51U391X-3897-1.JPG','FI_51U391X-3897-1.JPG','FI_51U391X-3897-1.JPG',0,'2021-10-21 19:00:00','2021-10-21 19:00:00'),(783610145,'FI_F01L004161-970',2,8,'Classic Court',35,'Suspendisse orci nisi, maximus eu semper eget, tempor eu nunc.',7599.00,1,2,1,'FI_F01L004161-970-1.JPG','FI_F01L004161-970-1.JPG','FI_F01L004161-970-1.JPG','FI_F01L004161-970-1.JPG','FI_F01L004161-970-1.JPG',0,'2021-10-21 19:00:00','2021-10-21 19:00:00'),(783610146,'LO_KFW218008',3,2,'Trophy',35,'Suspendisse orci nisi, maximus eu semper eget, tempor eu nunc.',5099.00,2,2,11,'LO_KFW218008-1.JPG','LO_KFW218008-1.JPG','LO_KFW218008-1.JPG','LO_KFW218008-1.JPG','LO_KFW218008-1.JPG',0,'2021-10-21 19:00:00','2021-10-21 19:00:00'),(783810160,'FI_F12L508024-469',2,5,'Mesh Trek',24,'Nullam vitae turpis rutrum, vehicula nunc vitae, auctor sem. Quisque.',5050.00,1,2,12,'FI_F12L508024-469-1.JPG','FI_F12L508024-469-1.JPG','FI_F12L508024-469-1.JPG','FI_F12L508024-469-1.JPG','FI_F12L508024-469-1.JPG',0,'2021-10-21 19:00:00','2021-10-21 19:00:00'),(785010207,'AD_DS8723',4,5,'adidas Design 2 Move',28,'Ut a est et ex condimentum aliquam. Nam at tristique.',5399.00,1,1,8,'AD_DS8723-1.JPG','AD_DS8723-1.JPG','AD_DS8723-1.JPG','AD_DS8723-1.JPG','AD_DS8723-1.JPG',0,'2021-10-21 19:00:00','2021-10-21 19:00:00'),(785510224,'GI_89009200',5,4,'Quicker',16,'Class aptent taciti sociosqu ad litora torquent per conubia nostra.',1560.00,1,2,4,'GI_89009200-1.JPG','GI_89009200-1.JPG','GI_89009200-1.JPG','GI_89009200-1.JPG','GI_89009200-1.JPG',0,'2021-10-21 19:00:00','2021-10-21 19:00:00'),(785510229,'GI_4118',5,7,'Jaguares',18,'Ut a est et ex condimentum aliquam. Nam at tristique.',860.00,1,2,10,'GI_4118-1.JPG','GI_4118-1.JPG','GI_4118-1.JPG','GI_4118-1.JPG','GI_4118-1.JPG',0,'2021-10-21 19:00:00','2021-10-21 19:00:00'),(785510233,'GI_85512305',5,2,'bucal  Virtuo Dual',27,'Mauris magna diam, faucibus ut euismod vitae, molestie sit amet.',1180.00,1,1,7,'GI_85512305-1.JPG','GI_85512305-1.JPG','GI_85512305-1.JPG','GI_85512305-1.JPG','GI_85512305-1.JPG',0,'2021-10-21 19:00:00','2021-10-21 19:00:00'),(785810238,'GI_89011001',5,2,'Kicking 320 Precision',32,'Maecenas eget dui non nisi congue vulputate in vitae risus.',1120.00,1,2,2,'GI_89011001-1.JPG','GI_89011001-1.JPG','GI_89011001-1.JPG','GI_89011001-1.JPG','GI_89011001-1.JPG',0,'2021-10-21 19:00:00','2021-10-21 19:00:00'),(786010258,'FI_F02R004111-4516',2,2,'Racer Flexion',35,'Maecenas eget dui non nisi congue vulputate in vitae risus.',6990.00,1,1,2,'FI_F02R004111-4516-1.JPG','FI_F02R004111-4516-1.JPG','FI_F02R004111-4516-1.JPG','FI_F02R004111-4516-1.JPG','FI_F02R004111-4516-1.JPG',0,'2021-10-21 19:00:00','2021-10-21 19:00:00'),(786610283,'FI_31J316X-943',2,7,'Volt',35,'Class aptent taciti sociosqu ad litora torquent per conubia nostra.',4889.00,1,2,10,'FI_31J316X-943-1.JPG','FI_31J316X-943-1.JPG','FI_31J316X-943-1.JPG','FI_31J316X-943-1.JPG','FI_31J316X-943-1.JPG',0,'2021-10-21 19:00:00','2021-10-21 19:00:00'),(787410313,'FI_F04K004059-156',2,4,'D-Formation',35,'Vivamus odio dolor, porta ac massa ac, tempor pellentesque ipsum.',6590.00,1,2,10,'FI_F04K004059-156-1.JPG','FI_F04K004059-156-1.JPG','FI_F04K004059-156-1.JPG','FI_F04K004059-156-1.JPG','FI_F04K004059-156-1.JPG',0,'2021-10-21 19:00:00','2021-10-21 19:00:00'),(787410317,'FI_F11TN018-4806',2,8,'Break Ii',28,'Mauris magna diam, faucibus ut euismod vitae, molestie sit amet.',2790.00,1,1,4,'FI_F11TN018-4806-1.JPG','FI_F11TN018-4806-1.JPG','FI_F11TN018-4806-1.JPG','FI_F11TN018-4806-1.JPG','FI_F11TN018-4806-1.JPG',0,'2021-10-21 19:00:00','2021-10-21 19:00:00'),(787710321,'FI_LS740002-140',2,1,'Block',24,'Class aptent taciti sociosqu ad litora torquent per conubia nostra.',2699.00,2,2,2,'FI_LS740002-140-1.JPG','FI_LS740002-140-1.JPG','FI_LS740002-140-1.JPG','FI_LS740002-140-1.JPG','FI_LS740002-140-1.JPG',0,'2021-10-21 19:00:00','2021-10-21 19:00:00'),(787710328,'UA_1353663-464',1,1,'Speed Stride Graphic',28,'Vivamus odio dolor, porta ac massa ac, tempor pellentesque ipsum.',5999.00,1,1,12,'UA_1353663-464-1.JPG','UA_1353663-464-1.JPG','UA_1353663-464-1.JPG','UA_1353663-464-1.JPG','UA_1353663-464-1.JPG',0,'2021-10-21 19:00:00','2021-10-21 19:00:00'),(787910341,'FI_F12L508043-6367',2,2,'Loop',24,'Etiam euismod lectus eu volutpat dictum. Phasellus vitae lorem hendrerit.',5950.00,1,1,4,'FI_F12L508043-6367-1.JPG','FI_F12L508043-6367-1.JPG','FI_F12L508043-6367-1.JPG','FI_F12L508043-6367-1.JPG','FI_F12L508043-6367-1.JPG',0,'2021-10-21 19:00:00','2021-10-21 19:00:00'),(789010383,'FI_51O214X-310',2,6,'Zermat',35,'Ut a est et ex condimentum aliquam. Nam at tristique.',7699.00,1,1,2,'FI_51O214X-310-1.JPG','FI_51O214X-310-1.JPG','FI_51O214X-310-1.JPG','FI_51O214X-310-1.JPG','FI_51O214X-310-1.JPG',0,'2021-10-21 19:00:00','2021-10-21 19:00:00'),(789510414,'FI_F11AT506008-454',2,5,'Sports FF',6,'Maecenas eget dui non nisi congue vulputate in vitae risus.',5890.00,2,1,8,'FI_F11AT506008-454-1.JPG','FI_F11AT506008-454-1.JPG','FI_F11AT506008-454-1.JPG','FI_F11AT506008-454-1.JPG','FI_F11AT506008-454-1.JPG',0,'2021-10-21 19:00:00','2021-10-21 19:00:00'),(789510415,'FI_F12L508024-353',2,4,'Mesh Trek',24,'Suspendisse orci nisi, maximus eu semper eget, tempor eu nunc.',5050.00,1,2,8,'FI_F12L508024-353-1.JPG','FI_F12L508024-353-1.JPG','FI_F12L508024-353-1.JPG','FI_F12L508024-353-1.JPG','FI_F12L508024-353-1.JPG',0,'2021-10-21 19:00:00','2021-10-21 19:00:00'),(790910474,'UA_1351888-014',1,7,'Rival Fleece Fashion',24,'Nullam vitae turpis rutrum, vehicula nunc vitae, auctor sem. Quisque.',8599.00,1,1,11,'UA_1351888-014-1.JPG','UA_1351888-014-1.JPG','UA_1351888-014-1.JPG','UA_1351888-014-1.JPG','UA_1351888-014-1.JPG',0,'2021-10-21 19:00:00','2021-10-21 19:00:00'),(791410490,'UA_1351559-687',1,1,'HeatGear Rush',28,'Vivamus odio dolor, porta ac massa ac, tempor pellentesque ipsum.',7599.00,1,1,9,'UA_1351559-687-1.JPG','UA_1351559-687-1.JPG','UA_1351559-687-1.JPG','UA_1351559-687-1.JPG','UA_1351559-687-1.JPG',0,'2021-10-21 19:00:00','2021-10-21 19:00:00'),(791410492,'FI_F12L518202-5394',2,6,'Maya II',28,'Mauris magna diam, faucibus ut euismod vitae, molestie sit amet.',2790.00,1,1,12,'FI_F12L518202-5394-1.JPG','FI_F12L518202-5394-1.JPG','FI_F12L518202-5394-1.JPG','FI_F12L518202-5394-1.JPG','FI_F12L518202-5394-1.JPG',0,'2021-10-21 19:00:00','2021-10-21 19:00:00'),(791410494,'GI_85526404',5,7,'Headguard Air Argentina',10,'Etiam euismod lectus eu volutpat dictum. Phasellus vitae lorem hendrerit.',6800.00,1,1,5,'GI_85526404-1.JPG','GI_85526404-1.JPG','GI_85526404-1.JPG','GI_85526404-1.JPG','GI_85526404-1.JPG',0,'2021-10-21 19:00:00','2021-10-21 19:00:00'),(791710511,'LO_ISS201036',3,7,'Speed Run',2,'Nullam vitae turpis rutrum, vehicula nunc vitae, auctor sem. Quisque.',2879.00,1,1,9,'LO_ISS201036-1.JPG','LO_ISS201036-1.JPG','LO_ISS201036-1.JPG','LO_ISS201036-1.JPG','LO_ISS201036-1.JPG',0,'2021-10-21 19:00:00','2021-10-21 19:00:00'),(792010520,'FI_F11AT508047-6011',2,2,'Camuflado',24,'Nullam malesuada in quam non posuere. Morbi dolor nulla, cursus.',5190.00,2,2,5,'FI_F11AT508047-6011-1.JPG','FI_F11AT508047-6011-1.JPG','FI_F11AT508047-6011-1.JPG','FI_F11AT508047-6011-1.JPG','FI_F11AT508047-6011-1.JPG',0,'2021-10-21 19:00:00','2021-10-21 19:00:00'),(792310533,'AD_DT7955',4,3,'adidas Versatile',14,'Ut maximus nisl turpis, non viverra sem tincidunt vel. Cras.',5199.00,1,1,8,'AD_DT7955-1.JPG','AD_DT7955-1.JPG','AD_DT7955-1.JPG','AD_DT7955-1.JPG','AD_DT7955-1.JPG',0,'2021-10-21 19:00:00','2021-10-21 19:00:00'),(793110564,'FI_51U378X-3726',2,3,'V Track',35,'Maecenas eget dui non nisi congue vulputate in vitae risus.',6989.00,1,2,6,'FI_51U378X-3726-1.JPG','FI_51U378X-3726-1.JPG','FI_51U378X-3726-1.JPG','FI_51U378X-3726-1.JPG','FI_51U378X-3726-1.JPG',0,'2021-10-21 19:00:00','2021-10-21 19:00:00'),(793110567,'UA_1351599-001',1,2,'Project Rock Hardest',28,'Etiam euismod lectus eu volutpat dictum. Phasellus vitae lorem hendrerit.',5999.00,1,2,10,'UA_1351599-001-1.JPG','UA_1351599-001-1.JPG','UA_1351599-001-1.JPG','UA_1351599-001-1.JPG','UA_1351599-001-1.JPG',0,'2021-10-21 19:00:00','2021-10-21 19:00:00'),(793310583,'FI_RP090246-160',2,1,'Side Block',2,'Ut a est et ex condimentum aliquam. Nam at tristique.',3150.00,1,2,6,'FI_RP090246-160-1.JPG','FI_RP090246-160-1.JPG','FI_RP090246-160-1.JPG','FI_RP090246-160-1.JPG','FI_RP090246-160-1.JPG',0,'2021-10-21 19:00:00','2021-10-21 19:00:00'),(793610593,'AD_CV4386',4,7,'adidas invisibles colorblock',19,'Vivamus odio dolor, porta ac massa ac, tempor pellentesque ipsum.',1699.00,1,1,11,'AD_CV4386.JPG','AD_CV4386.JPG','AD_CV4386.JPG','AD_CV4386.JPG','AD_CV4386.JPG',0,'2021-10-21 19:00:00','2021-10-21 19:00:00'),(794710639,'UA_1354536-600',1,1,'Sportstyle',28,'Suspendisse orci nisi, maximus eu semper eget, tempor eu nunc.',4599.00,1,2,11,'UA_1354536-600-1.JPG','UA_1354536-600-1.JPG','UA_1354536-600-1.JPG','UA_1354536-600-1.JPG','UA_1354536-600-1.JPG',0,'2021-10-21 19:00:00','2021-10-21 19:00:00'),(795010645,'UA_1353663-014',1,3,'Speed Stride Graphic',28,'Class aptent taciti sociosqu ad litora torquent per conubia nostra.',5999.00,1,2,12,'UA_1353663-014-1.JPG','UA_1353663-014-1.JPG','UA_1353663-014-1.JPG','UA_1353663-014-1.JPG','UA_1353663-014-1.JPG',0,'2021-10-21 19:00:00','2021-10-21 19:00:00'),(795010652,'UA_1354534-646',1,3,'Sportstyle Left Chest Short Sleeve',28,'Ut a est et ex condimentum aliquam. Nam at tristique.',4599.00,1,2,7,'UA_1354534-646-1.JPG','UA_1354534-646-1.JPG','UA_1354534-646-1.JPG','UA_1354534-646-1.JPG','UA_1354534-646-1.JPG',0,'2021-10-21 19:00:00','2021-10-21 19:00:00'),(795610672,'FI_51J731X-4250',2,7,'Racer Move',35,'Etiam euismod lectus eu volutpat dictum. Phasellus vitae lorem hendrerit.',6990.00,1,1,3,'FI_51J731X-4250-1.JPG','FI_51J731X-4250-1.JPG','FI_51J731X-4250-1.JPG','FI_51J731X-4250-1.JPG','FI_51J731X-4250-1.JPG',0,'2021-10-21 19:00:00','2021-10-21 19:00:00'),(795810680,'FI_F12L518198-7359',2,6,'Basic Letter',28,'Maecenas eget dui non nisi congue vulputate in vitae risus.',2690.00,1,2,7,'FI_F12L518198-7359-1.JPG','FI_F12L518198-7359-1.JPG','FI_F12L518198-7359-1.JPG','FI_F12L518198-7359-1.JPG','FI_F12L518198-7359-1.JPG',0,'2021-10-21 19:00:00','2021-10-21 19:00:00'),(795810682,'FI_TR220108-2474',2,7,'Train Letter',6,'Maecenas eget dui non nisi congue vulputate in vitae risus.',5790.00,1,2,5,'FI_TR220108-2474-1.JPG','FI_TR220108-2474-1.JPG','FI_TR220108-2474-1.JPG','FI_TR220108-2474-1.JPG','FI_TR220108-2474-1.JPG',0,'2021-10-21 19:00:00','2021-10-21 19:00:00'),(796410706,'AD_DQ2620',4,3,'adidas Own The Run',28,'Ut maximus nisl turpis, non viverra sem tincidunt vel. Cras.',6099.00,1,2,12,'AD_DQ2620-01.JPG','AD_DQ2620-01.JPG','AD_DQ2620-01.JPG','AD_DQ2620-01.JPG','AD_DQ2620-01.JPG',0,'2021-10-21 19:00:00','2021-10-21 19:00:00'),(797210742,'FI_11O183X-991',2,1,'Slant Force',35,'Suspendisse orci nisi, maximus eu semper eget, tempor eu nunc.',5990.00,1,2,8,'FI_11O183X-991-1.JPG','FI_11O183X-991-1.JPG','FI_11O183X-991-1.JPG','FI_11O183X-991-1.JPG','FI_11O183X-991-1.JPG',0,'2021-10-21 19:00:00','2021-10-21 19:00:00'),(797510760,'FI_F11R549009-100',2,6,'Tech',9,'Suspendisse orci nisi, maximus eu semper eget, tempor eu nunc.',8190.00,1,1,1,'FI_F11R549009-100-1.JPG','FI_F11R549009-100-1.JPG','FI_F11R549009-100-1.JPG','FI_F11R549009-100-1.JPG','FI_F11R549009-100-1.JPG',0,'2021-10-21 19:00:00','2021-10-21 19:00:00'),(797810769,'UA_1351449-001',1,3,'Seamless',28,'Nullam vitae turpis rutrum, vehicula nunc vitae, auctor sem. Quisque.',6599.00,1,1,2,'UA_1351449-001-1.JPG','UA_1351449-001-1.JPG','UA_1351449-001-1.JPG','UA_1351449-001-1.JPG','UA_1351449-001-1.JPG',0,'2021-10-21 19:00:00','2021-10-21 19:00:00'),(797810773,'FI_RP110163-2474',2,8,'Light Run II',28,'Ut a est et ex condimentum aliquam. Nam at tristique.',2790.00,1,1,7,'FI_RP110163-2474-1.JPG','FI_RP110163-2474-1.JPG','FI_RP110163-2474-1.JPG','FI_RP110163-2474-1.JPG','FI_RP110163-2474-1.JPG',0,'2021-10-21 19:00:00','2021-10-21 19:00:00'),(797810774,'FI_11U335X-525',2,3,'Euro Jogger Sport',35,'Nullam vitae turpis rutrum, vehicula nunc vitae, auctor sem. Quisque.',8490.00,2,1,6,'FI_11U335X-525-1.JPG','FI_11U335X-525-1.JPG','FI_11U335X-525-1.JPG','FI_11U335X-525-1.JPG','FI_11U335X-525-1.JPG',0,'2021-10-21 19:00:00','2021-10-21 19:00:00'),(797810775,'AD_DU0902',4,8,'adidas Freelift Badge of Sport',28,'Vivamus odio dolor, porta ac massa ac, tempor pellentesque ipsum.',4999.00,1,1,6,'AD_DU0902-1.JPG','AD_DU0902-1.JPG','AD_DU0902-1.JPG','AD_DU0902-1.JPG','AD_DU0902-1.JPG',0,'2021-10-21 19:00:00','2021-10-21 19:00:00'),(798010778,'FI_F11L112-4807',2,7,'F Flowting',5,'Nullam malesuada in quam non posuere. Morbi dolor nulla, cursus.',1590.00,1,1,2,'FI_F11L112-4807-1.JPG','FI_F11L112-4807-1.JPG','FI_F11L112-4807-1.JPG','FI_F11L112-4807-1.JPG','FI_F11L112-4807-1.JPG',0,'2021-10-21 19:00:00','2021-10-21 19:00:00'),(798010785,'FI_F11R518066-160',2,3,'Run Go To Mars',28,'Ut maximus nisl turpis, non viverra sem tincidunt vel. Cras.',3690.00,1,1,5,'FI_F11R518066-160-1.JPG','FI_F11R518066-160-1.JPG','FI_F11R518066-160-1.JPG','FI_F11R518066-160-1.JPG','FI_F11R518066-160-1.JPG',0,'2021-10-21 19:00:00','2021-10-21 19:00:00'),(798310793,'AD_DV1792',4,8,'adidas Youth Boys Essentials',9,'Nullam vitae turpis rutrum, vehicula nunc vitae, auctor sem. Quisque.',7599.00,1,1,6,'AD_DV1792-1.JPG','AD_DV1792-1.JPG','AD_DV1792-1.JPG','AD_DV1792-1.JPG','AD_DV1792-1.JPG',0,'2021-10-21 19:00:00','2021-10-21 19:00:00'),(798310797,'GI_28104S0625',5,4,'Midi UAR',25,'Suspendisse orci nisi, maximus eu semper eget, tempor eu nunc.',2800.00,1,1,11,'GI_28104S0625-1.JPG','GI_28104S0625-1.JPG','GI_28104S0625-1.JPG','GI_28104S0625-1.JPG','GI_28104S0625-1.JPG',0,'2021-10-21 19:00:00','2021-10-21 19:00:00'),(798310799,'FI_TR220108-2523',2,4,'Train Letter',6,'Vivamus odio dolor, porta ac massa ac, tempor pellentesque ipsum.',5790.00,1,2,6,'FI_TR220108-2523-1.JPG','FI_TR220108-2523-1.JPG','FI_TR220108-2523-1.JPG','FI_TR220108-2523-1.JPG','FI_TR220108-2523-1.JPG',0,'2021-10-21 19:00:00','2021-10-21 19:00:00'),(798610807,'AD_DX7568',4,4,'adidas DonT Rest',33,'Suspendisse orci nisi, maximus eu semper eget, tempor eu nunc.',3999.00,1,1,3,'AD_DX7568-1.JPG','AD_DX7568-1.JPG','AD_DX7568-1.JPG','AD_DX7568-1.JPG','AD_DX7568-1.JPG',0,'2021-10-21 19:00:00','2021-10-21 19:00:00'),(798610808,'FI_F12L518200-4806',2,2,'Inbox',28,'Ut a est et ex condimentum aliquam. Nam at tristique.',2490.00,1,1,10,'FI_F12L518200-4806-1.JPG','FI_F12L518200-4806-1.JPG','FI_F12L518200-4806-1.JPG','FI_F12L518200-4806-1.JPG','FI_F12L518200-4806-1.JPG',0,'2021-10-21 19:00:00','2021-10-21 19:00:00'),(798610811,'AD_DU0498',4,5,'adidas Essentials',6,'Class aptent taciti sociosqu ad litora torquent per conubia nostra.',10099.00,1,1,8,'AD_DU0498-1.JPG','AD_DU0498-1.JPG','AD_DU0498-1.JPG','AD_DU0498-1.JPG','AD_DU0498-1.JPG',0,'2021-10-21 19:00:00','2021-10-21 19:00:00'),(798910823,'FI_F02ST004034-4602',2,6,'Sparky',35,'Maecenas eget dui non nisi congue vulputate in vitae risus.',6490.00,1,2,2,'FI_F02ST004034-4602-1.JPG','FI_F02ST004034-4602-1.JPG','FI_F02ST004034-4602-1.JPG','FI_F02ST004034-4602-1.JPG','FI_F02ST004034-4602-1.JPG',0,'2021-10-21 19:00:00','2021-10-21 19:00:00'),(799410841,'AD_DU2489',4,4,'adidas Club',30,'Ut a est et ex condimentum aliquam. Nam at tristique.',5399.00,1,1,2,'AD_DU2489-1.JPG','AD_DU2489-1.JPG','AD_DU2489-1.JPG','AD_DU2489-1.JPG','AD_DU2489-1.JPG',0,'2021-10-21 19:00:00','2021-10-21 19:00:00'),(799410843,'FI_F01ST004033-1422',2,2,'Sparky',35,'Ut maximus nisl turpis, non viverra sem tincidunt vel. Cras.',6590.00,2,1,3,'FI_F01ST004033-1422-1.JPG','FI_F01ST004033-1422-1.JPG','FI_F01ST004033-1422-1.JPG','FI_F01ST004033-1422-1.JPG','FI_F01ST004033-1422-1.JPG',0,'2021-10-21 19:00:00','2021-10-21 19:00:00'),(799410847,'FI_F11L066-6577',2,2,'Boris',28,'Nullam malesuada in quam non posuere. Morbi dolor nulla, cursus.',2790.00,1,2,1,'FI_F11L066-6577-1.JPG','FI_F11L066-6577-1.JPG','FI_F11L066-6577-1.JPG','FI_F11L066-6577-1.JPG','FI_F11L066-6577-1.JPG',0,'2021-10-21 19:00:00','2021-10-21 19:00:00'),(799710849,'FI_61K329X-3506',2,7,'Lugano 6.0 Vlc',35,'Ut a est et ex condimentum aliquam. Nam at tristique.',4990.00,1,1,7,'FI_61K329X-3506-1.JPG','FI_61K329X-3506-1.JPG','FI_61K329X-3506-1.JPG','FI_61K329X-3506-1.JPG','FI_61K329X-3506-1.JPG',0,'2021-10-21 19:00:00','2021-10-21 19:00:00'),(799710851,'UA_1350196-689',1,5,'Fly By 2.0',30,'Ut maximus nisl turpis, non viverra sem tincidunt vel. Cras.',4299.00,1,1,4,'UA_1350196-689-1.JPG','UA_1350196-689-1.JPG','UA_1350196-689-1.JPG','UA_1350196-689-1.JPG','UA_1350196-689-1.JPG',0,'2021-10-21 19:00:00','2021-10-21 19:00:00'),(799710852,'FI_F12L534007-6367',2,7,'Crop Letter Box',6,'Mauris magna diam, faucibus ut euismod vitae, molestie sit amet.',5850.00,1,1,10,'FI_F12L534007-6367-1.JPG','FI_F12L534007-6367-1.JPG','FI_F12L534007-6367-1.JPG','FI_F12L534007-6367-1.JPG','FI_F12L534007-6367-1.JPG',0,'2021-10-21 19:00:00','2021-10-21 19:00:00'),(800010871,'FI_F11AT508047-6382',2,2,'Camuflado',24,'Class aptent taciti sociosqu ad litora torquent per conubia nostra.',5190.00,2,2,4,'FI_F11AT508047-6382-1.JPG','FI_F11AT508047-6382-1.JPG','FI_F11AT508047-6382-1.JPG','FI_F11AT508047-6382-1.JPG','FI_F11AT508047-6382-1.JPG',0,'2021-10-21 19:00:00','2021-10-21 19:00:00'),(800210879,'FI_F11L518184-6577',2,6,'Sports 1911',28,'Ut maximus nisl turpis, non viverra sem tincidunt vel. Cras.',2590.00,1,1,2,'FI_F11L518184-6577-1.JPG','FI_F11L518184-6577-1.JPG','FI_F11L518184-6577-1.JPG','FI_F11L518184-6577-1.JPG','FI_F11L518184-6577-1.JPG',0,'2021-10-21 19:00:00','2021-10-21 19:00:00'),(800810902,'AD_D98080',4,3,'adidas Copa 19.3',4,'Class aptent taciti sociosqu ad litora torquent per conubia nostra.',10699.00,1,2,11,'AD_D98080-1.JPG','AD_D98080-1.JPG','AD_D98080-1.JPG','AD_D98080-1.JPG','AD_D98080-1.JPG',0,'2021-10-21 19:00:00','2021-10-21 19:00:00'),(801110910,'UA_1350074-662',1,1,'Streaker 2.0',28,'Mauris magna diam, faucibus ut euismod vitae, molestie sit amet.',7999.00,1,1,11,'UA_1350074-662-1.JPG','UA_1350074-662-1.JPG','UA_1350074-662-1.JPG','UA_1350074-662-1.JPG','UA_1350074-662-1.JPG',0,'2021-10-21 19:00:00','2021-10-21 19:00:00'),(801610934,'FI_51U386X-156',2,5,'D-Formation',35,'Etiam euismod lectus eu volutpat dictum. Phasellus vitae lorem hendrerit.',10490.00,1,2,1,'FI_51U386X-156-1.JPG','FI_51U386X-156-1.JPG','FI_51U386X-156-1.JPG','FI_51U386X-156-1.JPG','FI_51U386X-156-1.JPG',0,'2021-10-21 19:00:00','2021-10-21 19:00:00'),(802110960,'FI_F11L518193-6367',2,5,'Inbox',28,'Maecenas eget dui non nisi congue vulputate in vitae risus.',2490.00,1,1,5,'FI_F11L518193-6367-1.JPG','FI_F11L518193-6367-1.JPG','FI_F11L518193-6367-1.JPG','FI_F11L518193-6367-1.JPG','FI_F11L518193-6367-1.JPG',0,'2021-10-21 19:00:00','2021-10-21 19:00:00'),(802110964,'FI_11T057X-979',2,5,'Forehand',35,'Maecenas eget dui non nisi congue vulputate in vitae risus.',8290.00,2,2,9,'FI_11T057X-979-1.JPG','FI_11T057X-979-1.JPG','FI_11T057X-979-1.JPG','FI_11T057X-979-1.JPG','FI_11T057X-979-1.JPG',0,'2021-10-21 19:00:00','2021-10-21 19:00:00'),(802110966,'FI_11O214X-933',2,7,'Zermat',35,'Suspendisse orci nisi, maximus eu semper eget, tempor eu nunc.',7699.00,1,1,2,'FI_11O214X-933-1.JPG','FI_11O214X-933-1.JPG','FI_11O214X-933-1.JPG','FI_11O214X-933-1.JPG','FI_11O214X-933-1.JPG',0,'2021-10-21 19:00:00','2021-10-21 19:00:00'),(802710983,'UA_1351987-001',1,1,'Rush Low Sports',33,'Etiam euismod lectus eu volutpat dictum. Phasellus vitae lorem hendrerit.',6499.00,1,1,10,'UA_1351987-001-1.JPG','UA_1351987-001-1.JPG','UA_1351987-001-1.JPG','UA_1351987-001-1.JPG','UA_1351987-001-1.JPG',0,'2021-10-21 19:00:00','2021-10-21 19:00:00'),(803010996,'FI_F11L112-1805',2,1,'F Flowting',5,'Class aptent taciti sociosqu ad litora torquent per conubia nostra.',1590.00,1,2,2,'FI_F11L112-1805-1.JPG','FI_F11L112-1805-1.JPG','FI_F11L112-1805-1.JPG','FI_F11L112-1805-1.JPG','FI_F11L112-1805-1.JPG',0,'2021-10-21 19:00:00','2021-10-21 19:00:00'),(803511024,'UA_1351998-001',1,4,'Mid',33,'Mauris magna diam, faucibus ut euismod vitae, molestie sit amet.',4399.00,2,1,6,'UA_1351998-001-1.JPG','UA_1351998-001-1.JPG','UA_1351998-001-1.JPG','UA_1351998-001-1.JPG','UA_1351998-001-1.JPG',0,'2021-10-21 19:00:00','2021-10-21 19:00:00'),(803811034,'UA_1354536-001',1,1,'Sportstyle',28,'Class aptent taciti sociosqu ad litora torquent per conubia nostra.',4599.00,1,2,10,'UA_1354536-001-1.JPG','UA_1354536-001-1.JPG','UA_1354536-001-1.JPG','UA_1354536-001-1.JPG','UA_1354536-001-1.JPG',0,'2021-10-21 19:00:00','2021-10-21 19:00:00'),(804011043,'UA_1354536-012',1,1,'Sportstyle',28,'Ut maximus nisl turpis, non viverra sem tincidunt vel. Cras.',4599.00,1,2,1,'UA_1354536-012-1.JPG','UA_1354536-012-1.JPG','UA_1354536-012-1.JPG','UA_1354536-012-1.JPG','UA_1354536-012-1.JPG',0,'2021-10-21 19:00:00','2021-10-21 19:00:00'),(804011046,'UA_1350196-497',1,2,'Fly By 2.0',30,'Nullam vitae turpis rutrum, vehicula nunc vitae, auctor sem. Quisque.',4299.00,1,2,8,'UA_1350196-497-1.JPG','UA_1350196-497-1.JPG','UA_1350196-497-1.JPG','UA_1350196-497-1.JPG','UA_1350196-497-1.JPG',0,'2021-10-21 19:00:00','2021-10-21 19:00:00'),(804311059,'FI_51U378X-2947',2,5,'V Track',35,'Etiam euismod lectus eu volutpat dictum. Phasellus vitae lorem hendrerit.',6489.00,1,1,6,'FI_51U378X-2947-1.JPG','FI_51U378X-2947-1.JPG','FI_51U378X-2947-1.JPG','FI_51U378X-2947-1.JPG','FI_51U378X-2947-1.JPG',0,'2021-10-21 19:00:00','2021-10-21 19:00:00'),(804611064,'FI_52T054X-2172',2,1,'Lugano 6.0',35,'Suspendisse orci nisi, maximus eu semper eget, tempor eu nunc.',7490.00,1,2,3,'FI_52T054X-2172-1.JPG','FI_52T054X-2172-1.JPG','FI_52T054X-2172-1.JPG','FI_52T054X-2172-1.JPG','FI_52T054X-2172-1.JPG',0,'2021-10-21 19:00:00','2021-10-21 19:00:00'),(804611065,'FI_51A028X-397',2,1,'Drifter Bold',22,'Class aptent taciti sociosqu ad litora torquent per conubia nostra.',4690.00,1,2,8,'FI_51A028X-397-1.JPG','FI_51A028X-397-1.JPG','FI_51A028X-397-1.JPG','FI_51A028X-397-1.JPG','FI_51A028X-397-1.JPG',0,'2021-10-21 19:00:00','2021-10-21 19:00:00'),(804611069,'FI_51J721X-4566',2,1,'Float Fly',35,'Nullam malesuada in quam non posuere. Morbi dolor nulla, cursus.',10990.00,1,1,8,'FI_51J721X-4566-1.JPG','FI_51J721X-4566-1.JPG','FI_51J721X-4566-1.JPG','FI_51J721X-4566-1.JPG','FI_51J721X-4566-1.JPG',0,'2021-10-21 19:00:00','2021-10-21 19:00:00'),(804611070,'FI_F02ST004068-156',2,3,'F-Loop',35,'Class aptent taciti sociosqu ad litora torquent per conubia nostra.',6990.00,1,2,9,'FI_F02ST004068-156-1.JPG','FI_F02ST004068-156-1.JPG','FI_F02ST004068-156-1.JPG','FI_F02ST004068-156-1.JPG','FI_F02ST004068-156-1.JPG',0,'2021-10-21 19:00:00','2021-10-21 19:00:00'),(804611072,'FI_F02L004162-156',2,4,'Classic Court',35,'Maecenas eget dui non nisi congue vulputate in vitae risus.',7590.00,1,2,1,'FI_F02L004162-156-1.JPG','FI_F02L004162-156-1.JPG','FI_F02L004162-156-1.JPG','FI_F02L004162-156-1.JPG','FI_F02L004162-156-1.JPG',0,'2021-10-21 19:00:00','2021-10-21 19:00:00'),(804611073,'UA_1354529-009',1,8,'Tech 2.0',28,'Nullam vitae turpis rutrum, vehicula nunc vitae, auctor sem. Quisque.',4599.00,1,2,8,'UA_1354529-009-1.JPG','UA_1354529-009-1.JPG','UA_1354529-009-1.JPG','UA_1354529-009-1.JPG','UA_1354529-009-1.JPG',0,'2021-10-21 19:00:00','2021-10-21 19:00:00'),(804611074,'FI_F02ST004010-156',2,6,'Styling',35,'Suspendisse orci nisi, maximus eu semper eget, tempor eu nunc.',7590.00,1,2,8,'FI_F02ST004010-156-1.JPG','FI_F02ST004010-156-1.JPG','FI_F02ST004010-156-1.JPG','FI_F02ST004010-156-1.JPG','FI_F02ST004010-156-1.JPG',0,'2021-10-21 19:00:00','2021-10-21 19:00:00'),(804811076,'FI_51U335X-3208',2,1,'Euro Jogger Sport',35,'Suspendisse orci nisi, maximus eu semper eget, tempor eu nunc.',8490.00,1,1,11,'FI_51U335X-3208-1.JPG','FI_51U335X-3208-1.JPG','FI_51U335X-3208-1.JPG','FI_51U335X-3208-1.JPG','FI_51U335X-3208-1.JPG',0,'2021-10-21 19:00:00','2021-10-21 19:00:00'),(804811080,'UA_1354536-035',1,2,'Sportstyle',28,'Suspendisse orci nisi, maximus eu semper eget, tempor eu nunc.',4599.00,1,2,2,'UA_1354536-035-1.JPG','UA_1354536-035-1.JPG','UA_1354536-035-1.JPG','UA_1354536-035-1.JPG','UA_1354536-035-1.JPG',0,'2021-10-21 19:00:00','2021-10-21 19:00:00'),(805111092,'GI_81446203',5,7,'Classic',30,'Class aptent taciti sociosqu ad litora torquent per conubia nostra.',2800.00,1,1,3,'GI_81446203-1.JPG','GI_81446203-1.JPG','GI_81446203-1.JPG','GI_81446203-1.JPG','GI_81446203-1.JPG',0,'2021-10-21 19:00:00','2021-10-21 19:00:00'),(805911125,'FI_51U335X-3387',2,1,'Euro Jogger Sport',35,'Vivamus odio dolor, porta ac massa ac, tempor pellentesque ipsum.',8490.00,1,2,12,'FI_51U335X-3387-1.JPG','FI_51U335X-3387-1.JPG','FI_51U335X-3387-1.JPG','FI_51U335X-3387-1.JPG','FI_51U335X-3387-1.JPG',0,'2021-10-21 19:00:00','2021-10-21 19:00:00'),(805911128,'FI_11U335X-4370',2,6,'Euro Jogger Sport',35,'Nullam vitae turpis rutrum, vehicula nunc vitae, auctor sem. Quisque.',8490.00,1,2,6,'FI_11U335X-4370-1.JPG','FI_11U335X-4370-1.JPG','FI_11U335X-4370-1.JPG','FI_11U335X-4370-1.JPG','FI_11U335X-4370-1.JPG',0,'2021-10-21 19:00:00','2021-10-21 19:00:00'),(805911129,'LO_L585561CL',3,5,'Well Fit',33,'Ut maximus nisl turpis, non viverra sem tincidunt vel. Cras.',2599.00,1,1,8,'LO_L585561CL-1.JPG','LO_L585561CL-1.JPG','LO_L585561CL-1.JPG','LO_L585561CL-1.JPG','LO_L585561CL-1.JPG',0,'2021-10-21 19:00:00','2021-10-21 19:00:00'),(805911132,'FI_F11L508031-160',2,3,'Basic Tape Winter',24,'Class aptent taciti sociosqu ad litora torquent per conubia nostra.',5590.00,1,1,11,'FI_F11L508031-160-1.JPG','FI_F11L508031-160-1.JPG','FI_F11L508031-160-1.JPG','FI_F11L508031-160-1.JPG','FI_F11L508031-160-1.JPG',0,'2021-10-21 19:00:00','2021-10-21 19:00:00'),(805911134,'FI_TA140166-196',2,8,'Sports Forward',24,'Ut maximus nisl turpis, non viverra sem tincidunt vel. Cras.',5490.00,1,2,6,'FI_TA140166-196-1.JPG','FI_TA140166-196-1.JPG','FI_TA140166-196-1.JPG','FI_TA140166-196-1.JPG','FI_TA140166-196-1.JPG',0,'2021-10-21 19:00:00','2021-10-21 19:00:00'),(806211137,'FI_F11AT506008-2561',2,5,'Sports Ff',6,'Nullam vitae turpis rutrum, vehicula nunc vitae, auctor sem. Quisque.',5890.00,1,1,5,'FI_F11AT506008-2561-1.JPG','FI_F11AT506008-2561-1.JPG','FI_F11AT506008-2561-1.JPG','FI_F11AT506008-2561-1.JPG','FI_F11AT506008-2561-1.JPG',0,'2021-10-21 19:00:00','2021-10-21 19:00:00'),(806211139,'FI_F11R549006-160',2,5,'Go To Mars',9,'Mauris magna diam, faucibus ut euismod vitae, molestie sit amet.',8950.00,1,1,9,'FI_F11R549006-160-1.JPG','FI_F11R549006-160-1.JPG','FI_F11R549006-160-1.JPG','FI_F11R549006-160-1.JPG','FI_F11R549006-160-1.JPG',0,'2021-10-21 19:00:00','2021-10-21 19:00:00'),(806511152,'AD_DQ3146',4,3,'adidas Aeroknit',28,'Ut a est et ex condimentum aliquam. Nam at tristique.',3699.00,1,2,6,'AD_DQ3146-1.JPG','AD_DQ3146-1.JPG','AD_DQ3146-1.JPG','AD_DQ3146-1.JPG','AD_DQ3146-1.JPG',0,'2021-10-21 19:00:00','2021-10-21 19:00:00'),(806511153,'FI_F12L518202-7359',2,3,'Maya II',28,'Vivamus odio dolor, porta ac massa ac, tempor pellentesque ipsum.',2790.00,2,2,2,'FI_F12L518202-7359-1.JPG','FI_F12L518202-7359-1.JPG','FI_F12L518202-7359-1.JPG','FI_F12L518202-7359-1.JPG','FI_F12L518202-7359-1.JPG',0,'2021-10-21 19:00:00','2021-10-21 19:00:00'),(806511157,'FI_11J713X-1645',2,6,'Attractive',35,'Suspendisse orci nisi, maximus eu semper eget, tempor eu nunc.',5489.00,1,1,4,'FI_11J713X-1645-1.JPG','FI_11J713X-1645-1.JPG','FI_11J713X-1645-1.JPG','FI_11J713X-1645-1.JPG','FI_11J713X-1645-1.JPG',0,'2021-10-21 19:00:00','2021-10-21 19:00:00'),(806711161,'UA_1354534-019',1,3,'Left Chest',28,'Ut a est et ex condimentum aliquam. Nam at tristique.',4599.00,2,2,7,'UA_1354534-019-1.JPG','UA_1354534-019-1.JPG','UA_1354534-019-1.JPG','UA_1354534-019-1.JPG','UA_1354534-019-1.JPG',0,'2021-10-21 19:00:00','2021-10-21 19:00:00'),(807211185,'UA_1354534-002',1,8,'Sportstyle',28,'Suspendisse orci nisi, maximus eu semper eget, tempor eu nunc.',4599.00,1,2,5,'UA_1354534-002-1.JPG','UA_1354534-002-1.JPG','UA_1354534-002-1.JPG','UA_1354534-002-1.JPG','UA_1354534-002-1.JPG',0,'2021-10-21 19:00:00','2021-10-21 19:00:00'),(807211190,'FI_11J721X-3864',2,8,'Float Fly',35,'Mauris magna diam, faucibus ut euismod vitae, molestie sit amet.',10990.00,1,2,2,'FI_11J721X-3864-1.JPG','FI_11J721X-3864-1.JPG','FI_11J721X-3864-1.JPG','FI_11J721X-3864-1.JPG','FI_11J721X-3864-1.JPG',0,'2021-10-21 19:00:00','2021-10-21 19:00:00'),(807511201,'FI_FXM6006-505',2,5,'Terry',24,'Maecenas eget dui non nisi congue vulputate in vitae risus.',4790.00,1,2,8,'FI_FXM6006-505-1.JPG','FI_FXM6006-505-1.JPG','FI_FXM6006-505-1.JPG','FI_FXM6006-505-1.JPG','FI_FXM6006-505-1.JPG',0,'2021-10-21 19:00:00','2021-10-21 19:00:00'),(807811208,'FI_F11L518184-6367',2,8,'Sports 1911',28,'Ut a est et ex condimentum aliquam. Nam at tristique.',2590.00,1,1,3,'FI_F11L518184-6367-1.JPG','FI_F11L518184-6367-1.JPG','FI_F11L518184-6367-1.JPG','FI_F11L518184-6367-1.JPG','FI_F11L518184-6367-1.JPG',0,'2021-10-21 19:00:00','2021-10-21 19:00:00'),(808011221,'AD_D97697',4,2,'adidas Ligra 6',35,'Vivamus odio dolor, porta ac massa ac, tempor pellentesque ipsum.',10899.00,1,2,5,'AD_D97697-1.JPG','AD_D97697-1.JPG','AD_D97697-1.JPG','AD_D97697-1.JPG','AD_D97697-1.JPG',0,'2021-10-21 19:00:00','2021-10-21 19:00:00'),(808411234,'AD_DP2401',4,1,'adidas Essentials Linear',9,'Ut maximus nisl turpis, non viverra sem tincidunt vel. Cras.',10099.00,1,1,1,'AD_DP2401-1.JPG','AD_DP2401-1.JPG','AD_DP2401-1.JPG','AD_DP2401-1.JPG','AD_DP2401-1.JPG',0,'2021-10-21 19:00:00','2021-10-21 19:00:00'),(808411235,'FI_51J689X-2947',2,4,'Fr Lumix',35,'Ut a est et ex condimentum aliquam. Nam at tristique.',7989.00,2,2,2,'FI_51J689X-2947-1.JPG','FI_51J689X-2947-1.JPG','FI_51J689X-2947-1.JPG','FI_51J689X-2947-1.JPG','FI_51J689X-2947-1.JPG',0,'2021-10-21 19:00:00','2021-10-21 19:00:00'),(808411243,'FI_F01L004161-156',2,8,'Classic Court',35,'Suspendisse orci nisi, maximus eu semper eget, tempor eu nunc.',7590.00,1,2,9,'FI_F01L004161-156-1.JPG','FI_F01L004161-156-1.JPG','FI_F01L004161-156-1.JPG','FI_F01L004161-156-1.JPG','FI_F01L004161-156-1.JPG',0,'2021-10-21 19:00:00','2021-10-21 19:00:00'),(808611255,'GI_81446103',5,3,'Classic',30,'Nullam malesuada in quam non posuere. Morbi dolor nulla, cursus.',2800.00,1,1,3,'GI_81446103-1.JPG','GI_81446103-1.JPG','GI_81446103-1.JPG','GI_81446103-1.JPG','GI_81446103-1.JPG',0,'2021-10-21 19:00:00','2021-10-21 19:00:00'),(808911260,'UA_1350133-464',1,1,'Qualifier Iso-Chill',28,'Ut maximus nisl turpis, non viverra sem tincidunt vel. Cras.',7599.00,1,2,8,'UA_1350133-464-1.JPG','UA_1350133-464-1.JPG','UA_1350133-464-1.JPG','UA_1350133-464-1.JPG','UA_1350133-464-1.JPG',0,'2021-10-21 19:00:00','2021-10-21 19:00:00'),(810311318,'AD_DP9172',4,5,'adidas Leonas',30,'Mauris magna diam, faucibus ut euismod vitae, molestie sit amet.',4599.00,1,2,3,'AD_DP9172-1.JPG','AD_DP9172-1.JPG','AD_DP9172-1.JPG','AD_DP9172-1.JPG','AD_DP9172-1.JPG',0,'2021-10-21 19:00:00','2021-10-21 19:00:00'),(810311319,'FI_11J733X-1422',2,4,'Float Fit',35,'Ut a est et ex condimentum aliquam. Nam at tristique.',9990.00,1,2,6,'FI_11J733X-1422-1.JPG','FI_11J733X-1422-1.JPG','FI_11J733X-1422-1.JPG','FI_11J733X-1422-1.JPG','FI_11J733X-1422-1.JPG',0,'2021-10-21 19:00:00','2021-10-21 19:00:00'),(810311323,'FI_F11AT508015-2401',2,3,'Sports Ff II',24,'Suspendisse orci nisi, maximus eu semper eget, tempor eu nunc.',5590.00,1,1,9,'FI_F11AT508015-2401-1.JPG','FI_F11AT508015-2401-1.JPG','FI_F11AT508015-2401-1.JPG','FI_F11AT508015-2401-1.JPG','FI_F11AT508015-2401-1.JPG',0,'2021-10-21 19:00:00','2021-10-21 19:00:00'),(810311324,'FI_11U391X-397',2,2,'Rippler',35,'Suspendisse orci nisi, maximus eu semper eget, tempor eu nunc.',8490.00,1,1,9,'FI_11U391X-397-1.JPG','FI_11U391X-397-1.JPG','FI_11U391X-397-1.JPG','FI_11U391X-397-1.JPG','FI_11U391X-397-1.JPG',0,'2021-10-21 19:00:00','2021-10-21 19:00:00'),(812211405,'UA_1354529-007',1,1,'Tech 2.0',28,'Ut a est et ex condimentum aliquam. Nam at tristique.',4599.00,1,2,3,'UA_1354529-007-1.JPG','UA_1354529-007-1.JPG','UA_1354529-007-1.JPG','UA_1354529-007-1.JPG','UA_1354529-007-1.JPG',0,'2021-10-21 19:00:00','2021-10-21 19:00:00'),(812211407,'FI_F11AT500015-160',2,7,'Sports Ff',12,'Ut a est et ex condimentum aliquam. Nam at tristique.',8390.00,1,1,8,'FI_F11AT500015-160-1.JPG','FI_F11AT500015-160-1.JPG','FI_F11AT500015-160-1.JPG','FI_F11AT500015-160-1.JPG','FI_F11AT500015-160-1.JPG',0,'2021-10-21 19:00:00','2021-10-21 19:00:00'),(812211411,'FI_51J713X-1645',2,8,'Attractive',35,'Etiam euismod lectus eu volutpat dictum. Phasellus vitae lorem hendrerit.',5489.00,2,2,9,'FI_51J713X-1645-1.JPG','FI_51J713X-1645-1.JPG','FI_51J713X-1645-1.JPG','FI_51J713X-1645-1.JPG','FI_51J713X-1645-1.JPG',0,'2021-10-21 19:00:00','2021-10-21 19:00:00'),(812711429,'FI_51O214X-3416',2,2,'Zermat',35,'Nullam malesuada in quam non posuere. Morbi dolor nulla, cursus.',7699.00,1,1,3,'FI_51O214X-3416-1.JPG','FI_51O214X-3416-1.JPG','FI_51O214X-3416-1.JPG','FI_51O214X-3416-1.JPG','FI_51O214X-3416-1.JPG',0,'2021-10-21 19:00:00','2021-10-21 19:00:00'),(813211453,'GI_89011000',5,6,'Kicking 320 Precision',32,'Ut maximus nisl turpis, non viverra sem tincidunt vel. Cras.',1120.00,1,2,10,'GI_89011000-1.JPG','GI_89011000-1.JPG','GI_89011000-1.JPG','GI_89011000-1.JPG','GI_89011000-1.JPG',0,'2021-10-21 19:00:00','2021-10-21 19:00:00'),(813211454,'FI_51U335X-3980',2,7,'Euro Jogger Sport',35,'Maecenas eget dui non nisi congue vulputate in vitae risus.',8490.00,2,2,5,'FI_51U335X-3980-1.JPG','FI_51U335X-3980-1.JPG','FI_51U335X-3980-1.JPG','FI_51U335X-3980-1.JPG','FI_51U335X-3980-1.JPG',0,'2021-10-21 19:00:00','2021-10-21 19:00:00'),(814011494,'FI_F02ST004034-4510',2,2,'Sparky',35,'Maecenas eget dui non nisi congue vulputate in vitae risus.',6490.00,1,2,6,'FI_F02ST004034-4510-1.JPG','FI_F02ST004034-4510-1.JPG','FI_F02ST004034-4510-1.JPG','FI_F02ST004034-4510-1.JPG','FI_F02ST004034-4510-1.JPG',0,'2021-10-21 19:00:00','2021-10-21 19:00:00'),(815111538,'FI_F12AT527034-2423',2,4,'Tape Fur',9,'Vivamus odio dolor, porta ac massa ac, tempor pellentesque ipsum.',10500.00,1,2,3,'FI_F12AT527034-2423-1.JPG','FI_F12AT527034-2423-1.JPG','FI_F12AT527034-2423-1.JPG','FI_F12AT527034-2423-1.JPG','FI_F12AT527034-2423-1.JPG',0,'2021-10-21 19:00:00','2021-10-21 19:00:00'),(815411545,'UA_1351840-608',1,8,'Rock Warrior Mana',28,'Maecenas eget dui non nisi congue vulputate in vitae risus.',4299.00,2,1,8,'UA_1351840-608-1.JPG','UA_1351840-608-1.JPG','UA_1351840-608-1.JPG','UA_1351840-608-1.JPG','UA_1351840-608-1.JPG',0,'2021-10-21 19:00:00','2021-10-21 19:00:00'),(815611558,'FI_F12L527036-188',2,8,'Puff Vest',9,'Ut maximus nisl turpis, non viverra sem tincidunt vel. Cras.',11190.00,1,2,3,'FI_F12L527036-188-1.JPG','FI_F12L527036-188-1.JPG','FI_F12L527036-188-1.JPG','FI_F12L527036-188-1.JPG','FI_F12L527036-188-1.JPG',0,'2021-10-21 19:00:00','2021-10-21 19:00:00'),(816211587,'FI_31U308X-3501',2,1,'Euro Jogger Sport',35,'Mauris magna diam, faucibus ut euismod vitae, molestie sit amet.',5290.00,1,1,9,'FI_31U308X-3501-1.JPG','FI_31U308X-3501-1.JPG','FI_31U308X-3501-1.JPG','FI_31U308X-3501-1.JPG','FI_31U308X-3501-1.JPG',0,'2021-10-21 19:00:00','2021-10-21 19:00:00'),(816711610,'AD_DP2273',4,1,'adidas Leonas',26,'Mauris magna diam, faucibus ut euismod vitae, molestie sit amet.',5499.00,1,1,1,'AD_DP2273-1.JPG','AD_DP2273-1.JPG','AD_DP2273-1.JPG','AD_DP2273-1.JPG','AD_DP2273-1.JPG',0,'2021-10-21 19:00:00','2021-10-21 19:00:00'),(817011621,'FI_61K329X-2823',2,7,'Lugano 6.0 Vlc',35,'Nullam vitae turpis rutrum, vehicula nunc vitae, auctor sem. Quisque.',4990.00,1,2,2,'FI_61K329X-2823-1.JPG','FI_61K329X-2823-1.JPG','FI_61K329X-2823-1.JPG','FI_61K329X-2823-1.JPG','FI_61K329X-2823-1.JPG',0,'2021-10-21 19:00:00','2021-10-21 19:00:00'),(817411639,'UA_1354537-001',1,6,'Sportstyle Terry',24,'Etiam euismod lectus eu volutpat dictum. Phasellus vitae lorem hendrerit.',7999.00,1,1,7,'UA_1354537-001-1.JPG','UA_1354537-001-1.JPG','UA_1354537-001-1.JPG','UA_1354537-001-1.JPG','UA_1354537-001-1.JPG',0,'2021-10-21 19:00:00','2021-10-21 19:00:00'),(817711651,'FI_11J694X-943',2,5,'Discovery',35,'Nullam vitae turpis rutrum, vehicula nunc vitae, auctor sem. Quisque.',6490.00,1,2,3,'FI_11J694X-943-1.JPG','FI_11J694X-943-1.JPG','FI_11J694X-943-1.JPG','FI_11J694X-943-1.JPG','FI_11J694X-943-1.JPG',0,'2021-10-21 19:00:00','2021-10-21 19:00:00'),(818811693,'UA_1351670-013',1,6,'Woven Graphic Emboss',30,'Class aptent taciti sociosqu ad litora torquent per conubia nostra.',5499.00,2,2,12,'UA_1351670-013-1.JPG','UA_1351670-013-1.JPG','UA_1351670-013-1.JPG','UA_1351670-013-1.JPG','UA_1351670-013-1.JPG',0,'2021-10-21 19:00:00','2021-10-21 19:00:00'),(819311712,'FI_51A017X-001',2,1,'Drifter Basic',22,'Ut maximus nisl turpis, non viverra sem tincidunt vel. Cras.',4490.00,1,1,7,'FI_51A017X-001-1.JPG','FI_51A017X-001-1.JPG','FI_51A017X-001-1.JPG','FI_51A017X-001-1.JPG','FI_51A017X-001-1.JPG',0,'2021-10-21 19:00:00','2021-10-21 19:00:00'),(819311715,'AD_DY7732',4,3,'adidas Must Haves Badge of Sports',28,'Maecenas eget dui non nisi congue vulputate in vitae risus.',3699.00,1,1,12,'AD_DY7732-1.JPG','AD_DY7732-1.JPG','AD_DY7732-1.JPG','AD_DY7732-1.JPG','AD_DY7732-1.JPG',0,'2021-10-21 19:00:00','2021-10-21 19:00:00'),(819611727,'FI_RP120031-2488',2,2,'Fit Stripes',28,'Ut a est et ex condimentum aliquam. Nam at tristique.',3250.00,2,2,6,'FI_RP120031-2488-1.JPG','FI_RP120031-2488-1.JPG','FI_RP120031-2488-1.JPG','FI_RP120031-2488-1.JPG','FI_RP120031-2488-1.JPG',0,'2021-10-21 19:00:00','2021-10-21 19:00:00'),(820411764,'AD_DX5929',4,1,'adidas River Plate',30,'Etiam euismod lectus eu volutpat dictum. Phasellus vitae lorem hendrerit.',1700.00,1,1,12,'AD_DX5929-1.JPG','AD_DX5929-1.JPG','AD_DX5929-1.JPG','AD_DX5929-1.JPG','AD_DX5929-1.JPG',0,'2021-10-21 19:00:00','2021-10-21 19:00:00'),(820711772,'AD_DZ0013',4,6,'adidas Must Haves Badge of Sports',28,'Vivamus odio dolor, porta ac massa ac, tempor pellentesque ipsum.',3699.00,1,2,1,'AD_DZ0013-1.JPG','AD_DZ0013-1.JPG','AD_DZ0013-1.JPG','AD_DZ0013-1.JPG','AD_DZ0013-1.JPG',0,'2021-10-21 19:00:00','2021-10-21 19:00:00'),(820711775,'FI_31K326X-2823',2,5,'Lugano 6.0',35,'Class aptent taciti sociosqu ad litora torquent per conubia nostra.',4990.00,1,2,2,'FI_31K326X-2823-1.JPG','FI_31K326X-2823-1.JPG','FI_31K326X-2823-1.JPG','FI_31K326X-2823-1.JPG','FI_31K326X-2823-1.JPG',0,'2021-10-21 19:00:00','2021-10-21 19:00:00'),(820711777,'FI_11U386X-156',2,6,'D-Formation',35,'Ut a est et ex condimentum aliquam. Nam at tristique.',10490.00,1,1,9,'FI_11U386X-156-1.JPG','FI_11U386X-156-1.JPG','FI_11U386X-156-1.JPG','FI_11U386X-156-1.JPG','FI_11U386X-156-1.JPG',0,'2021-10-21 19:00:00','2021-10-21 19:00:00'),(821511809,'AD_DX5931',4,4,'adidas River Plate Alternativa 2019/20',8,'Etiam euismod lectus eu volutpat dictum. Phasellus vitae lorem hendrerit.',3500.00,1,2,2,'AD_DX5931-9.JPG','AD_DX5931-9.JPG','AD_DX5931-9.JPG','AD_DX5931-9.JPG','AD_DX5931-9.JPG',0,'2021-10-21 19:00:00','2021-10-21 19:00:00'),(821511818,'FI_51J731X-4251',2,7,'Racer Move',35,'Maecenas eget dui non nisi congue vulputate in vitae risus.',6990.00,1,2,1,'FI_51J731X-4251-1.JPG','FI_51J731X-4251-1.JPG','FI_51J731X-4251-1.JPG','FI_51J731X-4251-1.JPG','FI_51J731X-4251-1.JPG',0,'2021-10-21 19:00:00','2021-10-21 19:00:00'),(822011836,'FI_11J731X-1645',2,1,'Racer Move',35,'Suspendisse orci nisi, maximus eu semper eget, tempor eu nunc.',6990.00,2,2,12,'FI_11J731X-1645-1.JPG','FI_11J731X-1645-1.JPG','FI_11J731X-1645-1.JPG','FI_11J731X-1645-1.JPG','FI_11J731X-1645-1.JPG',0,'2021-10-21 19:00:00','2021-10-21 19:00:00'),(822311844,'FI_11U403X-1645',2,7,'F-Retro Sport 2.0 V2',35,'Nullam vitae turpis rutrum, vehicula nunc vitae, auctor sem. Quisque.',5990.00,1,1,12,'FI_11U403X-1645-1.JPG','FI_11U403X-1645-1.JPG','FI_11U403X-1645-1.JPG','FI_11U403X-1645-1.JPG','FI_11U403X-1645-1.JPG',0,'2021-10-21 19:00:00','2021-10-21 19:00:00'),(822311845,'FI_11J731X-793',2,1,'Racer Move',35,'Ut a est et ex condimentum aliquam. Nam at tristique.',6990.00,1,2,8,'FI_11J731X-793-1.JPG','FI_11J731X-793-1.JPG','FI_11J731X-793-1.JPG','FI_11J731X-793-1.JPG','FI_11J731X-793-1.JPG',0,'2021-10-21 19:00:00','2021-10-21 19:00:00'),(822611859,'UA_1351670-408',1,1,'Woven Graphic Emboss',30,'Ut a est et ex condimentum aliquam. Nam at tristique.',5499.00,1,1,1,'UA_1351670-408-1.JPG','UA_1351670-408-1.JPG','UA_1351670-408-1.JPG','UA_1351670-408-1.JPG','UA_1351670-408-1.JPG',0,'2021-10-21 19:00:00','2021-10-21 19:00:00'),(823111882,'FI_11J721X-943',2,1,'Float Fly',35,'Nullam malesuada in quam non posuere. Morbi dolor nulla, cursus.',10990.00,1,2,7,'FI_11J721X-943-1.JPG','FI_11J721X-943-1.JPG','FI_11J721X-943-1.JPG','FI_11J721X-943-1.JPG','FI_11J721X-943-1.JPG',0,'2021-10-21 19:00:00','2021-10-21 19:00:00'),(824411942,'FI_51U335X-4373',2,7,'Euro Jogger Sport',35,'Class aptent taciti sociosqu ad litora torquent per conubia nostra.',8490.00,1,2,7,'FI_51U335X-4373-1.JPG','FI_51U335X-4373-1.JPG','FI_51U335X-4373-1.JPG','FI_51U335X-4373-1.JPG','FI_51U335X-4373-1.JPG',0,'2021-10-21 19:00:00','2021-10-21 19:00:00');
/*!40000 ALTER TABLE `products` ENABLE KEYS */;
UNLOCK TABLES;

--
-- Table structure for table `sex`
--

DROP TABLE IF EXISTS `sex`;
/*!40101 SET @saved_cs_client     = @@character_set_client */;
/*!50503 SET character_set_client = utf8mb4 */;
CREATE TABLE `sex` (
  `id` int unsigned NOT NULL AUTO_INCREMENT,
  `desc` varchar(255) CHARACTER SET utf8mb4 COLLATE utf8mb4_0900_ai_ci NOT NULL DEFAULT 'Unisex',
  `desc_short` varchar(100) NOT NULL DEFAULT 'U',
  `created_at` timestamp NOT NULL DEFAULT '2021-10-21 16:41:58',
  `updated_at` timestamp NOT NULL DEFAULT '2021-10-21 16:41:58',
  PRIMARY KEY (`id`),
  UNIQUE KEY `id_UNIQUE` (`id`)
) ENGINE=InnoDB AUTO_INCREMENT=4 DEFAULT CHARSET=utf8mb4 COLLATE=utf8mb4_0900_ai_ci;
/*!40101 SET character_set_client = @saved_cs_client */;

--
-- Dumping data for table `sex`
--

LOCK TABLES `sex` WRITE;
/*!40000 ALTER TABLE `sex` DISABLE KEYS */;
INSERT INTO `sex` VALUES (1,'Mujer','M','0000-00-00 00:00:00','0000-00-00 00:00:00'),(2,'Hombre','H','0000-00-00 00:00:00','0000-00-00 00:00:00'),(3,'Unisex','U','0000-00-00 00:00:00','0000-00-00 00:00:00');
/*!40000 ALTER TABLE `sex` ENABLE KEYS */;
UNLOCK TABLES;

--
-- Table structure for table `shopping_cart`
--

DROP TABLE IF EXISTS `shopping_cart`;
/*!40101 SET @saved_cs_client     = @@character_set_client */;
/*!50503 SET character_set_client = utf8mb4 */;
CREATE TABLE `shopping_cart` (
  `id` int unsigned NOT NULL AUTO_INCREMENT,
  `product_id` int unsigned NOT NULL,
  `user_id` int unsigned NOT NULL,
  `quantity` int unsigned DEFAULT NULL,
  `price` decimal(9,2) NOT NULL DEFAULT '0.00',
  `billed` int unsigned NOT NULL DEFAULT '0',
  `created_at` timestamp NOT NULL DEFAULT '2021-10-21 16:41:58',
  `updated_at` timestamp NOT NULL DEFAULT '2021-10-21 16:41:58',
  PRIMARY KEY (`id`),
  UNIQUE KEY `id_UNIQUE` (`id`),
  UNIQUE KEY `product_id_UNIQUE` (`product_id`),
  UNIQUE KEY `user_id_UNIQUE` (`user_id`),
  CONSTRAINT `shopping_cart_FK` FOREIGN KEY (`product_id`) REFERENCES `products` (`id`),
  CONSTRAINT `shopping_cart_FK_1` FOREIGN KEY (`user_id`) REFERENCES `users` (`id`)
) ENGINE=InnoDB DEFAULT CHARSET=utf8mb4 COLLATE=utf8mb4_0900_ai_ci;
/*!40101 SET character_set_client = @saved_cs_client */;

--
-- Dumping data for table `shopping_cart`
--

LOCK TABLES `shopping_cart` WRITE;
/*!40000 ALTER TABLE `shopping_cart` DISABLE KEYS */;
/*!40000 ALTER TABLE `shopping_cart` ENABLE KEYS */;
UNLOCK TABLES;

--
-- Table structure for table `users`
--

DROP TABLE IF EXISTS `users`;
/*!40101 SET @saved_cs_client     = @@character_set_client */;
/*!50503 SET character_set_client = utf8mb4 */;
CREATE TABLE `users` (
  `id` int unsigned NOT NULL AUTO_INCREMENT,
  `email` varchar(255) NOT NULL,
  `password` varchar(255) NOT NULL,
  `first_name` varchar(255) NOT NULL,
  `last_name` varchar(255) NOT NULL,
  `dni` int unsigned NOT NULL,
  `cell_phone` decimal(12,0) NOT NULL,
  `address` varchar(255) NOT NULL,
  `zipcode` varchar(8) NOT NULL,
  `city` varchar(255) NOT NULL,
  `avatar` varchar(255) NOT NULL,
  `is_admin` int unsigned NOT NULL DEFAULT '0',
  `uuid` varchar(255) NOT NULL,
  `created_at` timestamp NOT NULL DEFAULT '2021-10-21 16:41:58',
  `updated_at` timestamp NOT NULL DEFAULT '2021-10-21 16:41:58',
  PRIMARY KEY (`id`),
  UNIQUE KEY `id_UNIQUE` (`id`),
  UNIQUE KEY `email_UNIQUE` (`email`)
) ENGINE=InnoDB DEFAULT CHARSET=utf8mb4 COLLATE=utf8mb4_0900_ai_ci;
/*!40101 SET character_set_client = @saved_cs_client */;

--
-- Dumping data for table `users`
--

LOCK TABLES `users` WRITE;
/*!40000 ALTER TABLE `users` DISABLE KEYS */;
/*!40000 ALTER TABLE `users` ENABLE KEYS */;
UNLOCK TABLES;

--
-- Table structure for table `users_to_activate`
--

DROP TABLE IF EXISTS `users_to_activate`;
/*!40101 SET @saved_cs_client     = @@character_set_client */;
/*!50503 SET character_set_client = utf8mb4 */;
CREATE TABLE `users_to_activate` (
  `id` int unsigned NOT NULL AUTO_INCREMENT,
  `email` varchar(255) NOT NULL,
  `password` varchar(255) NOT NULL,
  `first_name` varchar(255) NOT NULL,
  `last_name` varchar(255) NOT NULL,
  `dni` int unsigned NOT NULL,
  `cell_phone` decimal(12,0) NOT NULL,
  `address` varchar(255) NOT NULL,
  `zipcode` varchar(8) NOT NULL,
  `city` varchar(255) NOT NULL,
  `avatar` varchar(255) NOT NULL,
  `is_admin` int unsigned NOT NULL DEFAULT '0',
  `uuid` varchar(255) NOT NULL,
  `created_at` timestamp NOT NULL DEFAULT '2021-10-21 16:41:58',
  `updated_at` timestamp NOT NULL DEFAULT '2021-10-21 16:41:58',
  PRIMARY KEY (`id`),
  UNIQUE KEY `id_UNIQUE` (`id`),
  UNIQUE KEY `email_UNIQUE` (`email`)
) ENGINE=InnoDB DEFAULT CHARSET=utf8mb4 COLLATE=utf8mb4_0900_ai_ci;
/*!40101 SET character_set_client = @saved_cs_client */;

--
-- Dumping data for table `users_to_activate`
--

LOCK TABLES `users_to_activate` WRITE;
/*!40000 ALTER TABLE `users_to_activate` DISABLE KEYS */;
/*!40000 ALTER TABLE `users_to_activate` ENABLE KEYS */;
UNLOCK TABLES;
/*!40103 SET TIME_ZONE=@OLD_TIME_ZONE */;

/*!40101 SET SQL_MODE=@OLD_SQL_MODE */;
/*!40014 SET FOREIGN_KEY_CHECKS=@OLD_FOREIGN_KEY_CHECKS */;
/*!40014 SET UNIQUE_CHECKS=@OLD_UNIQUE_CHECKS */;
/*!40101 SET CHARACTER_SET_CLIENT=@OLD_CHARACTER_SET_CLIENT */;
/*!40101 SET CHARACTER_SET_RESULTS=@OLD_CHARACTER_SET_RESULTS */;
/*!40101 SET COLLATION_CONNECTION=@OLD_COLLATION_CONNECTION */;
/*!40111 SET SQL_NOTES=@OLD_SQL_NOTES */;

-- Dump completed on 2021-10-21 17:01:40
